idorganizzatore,nome,cognome,titolo,istituzione,email
1,Michaeline,Brigge,Mr,"Florida Metropolitan University, Tampa College Lakeland",mbrigge0@sohu.com
2,Michaeline,Killerby,Mr,Araullo University,mkillerby1@ed.gov
3,Parke,Albin,Dr,Bemidji State Univeristy,palbin2@tiny.cc
4,Siouxie,Lieb,Mrs,Jodhpur National University,slieb3@spiegel.de
5,Florence,Utridge,Dr,Facultés Universitaires Catholiques de Mons,futridge4@clickbank.net
6,Gaven,Seally,Rev,Illinois Benedictine University,gseally5@wired.com
7,Aaren,McCall,Dr,Walsh University,amccall6@samsung.com
8,Marys,Chell,Mr,"Washington State University, Tri-Cities",mchell7@cam.ac.uk
9,Skippie,Michie,Dr,Catholic University of Lublin,smichie8@netlog.com
10,Matthus,Studdal,Mrs,Universidad Nacional José Faustino Sánchez Carrión,mstuddal9@mozilla.com
11,Jaquelin,Jelkes,Honorable,Sanford-Brown Institute,jjelkesa@tiny.cc
12,Amanda,Fazzioli,Mrs,Yasuj University of Medical Sciences,afazziolib@mapy.cz
13,Latrena,Connal,Mr,Adventist University of Central Africa,lconnalc@eventbrite.com
14,Hyacinthia,Von Oertzen,Dr,I.M. Sechenov Moscow Medical Academy,hvonoertzend@desdev.cn
15,Vanda,Flucker,Mr,Technical University of Denmark,vfluckere@so-net.ne.jp
16,Rubetta,Fillingham,Dr,Universität für künstlerische und industrielle Gestaltung Linz,rfillinghamf@wufoo.com
17,Joelynn,Clifford,Honorable,University of Iowa,jcliffordg@squarespace.com
18,Dennie,Cowcha,Honorable,Worcester State College,dcowchah@360.cn
19,Wynn,Pullan,Mrs,Bangladesh University of Business & Technology,wpullani@wp.com
20,Caldwell,O'Donovan,Mrs,Arcadia University,codonovanj@webs.com
21,Audrye,Carnock,Mr,Gunma University,acarnockk@sohu.com
22,Andra,Meadus,Rev,Zarka Private University,ameadusl@devhub.com
23,Lisetta,Habbershon,Mrs,Jawzjan University,lhabbershonm@statcounter.com
24,Oralla,Mayworth,Ms,Thunderbird School of Global Management,omayworthn@usnews.com
25,Kailey,Pitkins,Rev,Yelets State University,kpitkinso@mayoclinic.com
26,Kain,Beechcraft,Ms,Tiffin University Prague,kbeechcraftp@amazon.com
27,Melisande,Fleetham,Honorable,Saga University,mfleethamq@nature.com
28,Jania,Chittleburgh,Dr,Ecole Nationale Supérieure de Chimie de Lille,jchittleburghr@ed.gov
29,Elsie,Cockran,Honorable,Universidad Católica Nordestana,ecockrans@ning.com
30,Andi,Burrows,Ms,Universidad Autonoma Monterrey,aburrowst@yale.edu
31,Trenton,Filipson,Ms,Ecole Supérieure de Commerce de Lille,tfilipsonu@chron.com
32,Richart,Boles,Rev,St. Joseph Group of Institutes,rbolesv@gnu.org
33,Carce,Gossan,Mrs,Lampang College of Commerce and Technology,cgossanw@tuttocitta.it
34,Annice,Jullian,Mr,Universiti Teknologi Malaysia,ajullianx@bluehost.com
35,Ginevra,Daltrey,Honorable,Zhongshan University,gdaltreyy@wunderground.com
36,Kristopher,Stone,Mrs,University of Pula,kstonez@moonfruit.com
37,Boigie,Dumper,Mrs,St. George's University,bdumper10@noaa.gov
38,Sada,felip,Mrs,Universität Linz,sfelip11@tripadvisor.com
39,Ban,Kingston,Mrs,Bogor Agricultural University,bkingston12@theguardian.com
40,Luella,Ryley,Mrs,Universidad de Cartagena,lryley13@t-online.de
41,Cherilyn,Schermick,Mr,Université de 7 Novembre à Carthage,cschermick14@mail.ru
42,Chrysler,Dorricott,Dr,Malaspina University College,cdorricott15@canalblog.com
43,Shay,Blodget,Dr,Kyoto Gakuen University,sblodget16@istockphoto.com
44,Thorny,Bromley,Honorable,University of the Southern Caribbean,tbromley17@google.com.au
45,Zoe,Timmermann,Mrs,Universidad Nacional de Luján,ztimmermann18@cbslocal.com
46,Shaylynn,Claesens,Honorable,Korea Maritime University,sclaesens19@bravesites.com
47,Deerdre,Barbara,Honorable,Universidad de Ciencias y Humanidades,dbarbara1a@arstechnica.com
48,Phillipe,Jersh,Dr,Suranaree University of Technology,pjersh1b@cdc.gov
49,April,Cammidge,Honorable,Institut National des Télécommunications,acammidge1c@berkeley.edu
50,Gaby,Olwen,Dr,University of Newcastle-upon-Tyne,golwen1d@nytimes.com
51,Frances,Dawbury,Mrs,University of Sopron,fdawbury1e@army.mil
52,Natividad,Cahey,Mr,University of North Florida,ncahey1f@seesaa.net
53,Klarrisa,McEwan,Mr,Adigrat University,kmcewan1g@nasa.gov
54,Adan,Metzig,Dr,Belarussian State University,ametzig1h@dion.ne.jp
55,Christian,Inker,Ms,Moscow State University of Technology (Stankin),cinker1i@cnn.com
56,Janaya,Ginglell,Ms,Institut National des Sciences Appliquées de Toulouse,jginglell1j@nature.com
57,Evangelin,Scholer,Mr,Hanzehogeschool Groningen,escholer1k@howstuffworks.com
58,Flemming,Cutten,Honorable,Sri Chandrasekharendra Saraswathi Viswa Mahavidyalaya,fcutten1l@newsvine.com
59,Iona,McGreay,Mrs,Academy of the Ministry of Internal Affairs of the Republic of Belarus,imcgreay1m@webeden.co.uk
60,Drud,Verlinden,Honorable,Universidad Anáhuac del Sur,dverlinden1n@fc2.com
61,Ivy,Fellibrand,Mr,William Woods University,ifellibrand1o@scientificamerican.com
62,Frieda,Von Welden,Rev,"Université du Sud, Toulon et Var",fvonwelden1p@hp.com
63,Stafani,Ebden,Honorable,"Federal Urdu University of Arts,Science and Technology",sebden1q@chicagotribune.com
64,Billy,Peskett,Dr,Universidad San Martin de Porres,bpeskett1r@canalblog.com
65,Franklin,Coldbathe,Honorable,Williams College,fcoldbathe1s@mayoclinic.com
66,Arnoldo,Behnke,Mr,Josai University,abehnke1t@archive.org
67,Nathanial,Cottisford,Dr,Atilim University,ncottisford1u@nbcnews.com
68,Kaye,Cathery,Mr,Pace University  Pleasantville/Briarcliff,kcathery1v@wufoo.com
69,Spike,Bruna,Honorable,Universidad Técnica de Babahoyo,sbruna1w@tumblr.com
70,Hillyer,Hulance,Honorable,Kentucky Wesleyan College,hhulance1x@ed.gov
71,Rhodie,Lytell,Rev,Fachhochschule für Wirtschaft Berlin,rlytell1y@usa.gov
72,Rosabel,Worshall,Mrs,Mount St. Mary's College Maryland,rworshall1z@gizmodo.com
73,Cami,Trent,Mr,Fachhochschule Ingolstadt,ctrent20@va.gov
74,Brig,Brimson,Honorable,Guangzhou University of Traditional Chinese Medicine,bbrimson21@trellian.com
75,Northrup,Errichi,Dr,Ohio State University - Marion,nerrichi22@psu.edu
76,Kermit,Klosterman,Dr,Kodolanyi Janos University College,kklosterman23@virginia.edu
77,Billy,Folli,Dr,Horizon College of Business and Technology,bfolli24@ox.ac.uk
78,Denice,Blick,Rev,University of Food Technology,dblick25@yale.edu
79,Karlis,Novakovic,Mr,National Institute of Education,knovakovic26@constantcontact.com
80,Louisette,Herculson,Rev,Technological University (Maubin),lherculson27@tamu.edu
81,Vidovic,Halwell,Mr,Technological Education Institute of Patras,vhalwell28@jugem.jp
82,Cam,O'Fihily,Mr,Basilicata University Potenza,cofihily29@weibo.com
83,Giulietta,Ruperti,Rev,Jaypee Institute of Information Technology,gruperti2a@unicef.org
84,Bambi,Pillinger,Dr,Technical University of Gdansk,bpillinger2b@hud.gov
85,Giff,Copcote,Ms,Universidad Nacional de Mar del Plata,gcopcote2c@psu.edu
86,Bert,Seine,Mr,"Institute of Teachers Education, Tuanku Bainun",bseine2d@redcross.org
87,Farris,Finlry,Mr,Siberian Academy of Public Services,ffinlry2e@g.co
88,Siward,Gibbens,Mrs,University of Turin,sgibbens2f@dagondesign.com
89,Jordain,Crocombe,Mr,Angelo State University,jcrocombe2g@abc.net.au
90,Lilias,Savin,Mrs,Al-Aqsa University,lsavin2h@reference.com
91,Sterling,McQuarrie,Honorable,St. Joseph College of Nursing,smcquarrie2i@addtoany.com
92,Norman,Tetford,Ms,Kyoto Women's University,ntetford2j@wiley.com
93,Armand,Rixon,Honorable,Universitas Palangka Raya,arixon2k@51.la
94,Alley,Ciccetti,Mrs,"Islamic Azad University, Tehran Science & Research Branch",aciccetti2l@bbc.co.uk
95,Josie,Breen,Mrs,Hiroshima Prefectural University,jbreen2m@alexa.com
96,Brandy,Krolle,Mr,Central Ostrobothnia University of Applied Sciences,bkrolle2n@epa.gov
97,Cathie,Joscelin,Ms,Ecole Nationale Supérieur de Géologie de Nancy,cjoscelin2o@spiegel.de
98,Jen,McGriffin,Mrs,Faulkner University,jmcgriffin2p@examiner.com
99,Roarke,Trouel,Ms,Al Rasheed University College,rtrouel2q@sciencedirect.com
100,Maurie,Poynter,Rev,Fahad Bin Sultan University,mpoynter2r@simplemachines.org
101,Ransell,Esler,Dr,Western State University College of Law,resler2s@amazon.co.uk
102,Minna,Leibold,Ms,Bethune-Cookman College,mleibold2t@delicious.com
103,Lacee,De la Yglesias,Ms,Rostov State Medical University,ldelayglesias2u@yellowbook.com
104,Maybelle,Cowles,Mr,UCSI University,mcowles2v@washingtonpost.com
105,Correy,Mila,Ms,"Univerzitet u Mostaru ""Dzemal Bijedic""",cmila2w@tripod.com
106,Rani,Amori,Honorable,"Islamic Azad University, Mahshar",ramori2x@buzzfeed.com
107,Derril,Clitherow,Honorable,Saxion Universities ,dclitherow2y@nih.gov
108,Martita,Skeath,Mr,Escuela Colombiana de Ingeniería Julio Garavito,mskeath2z@123-reg.co.uk
109,Sherlock,Leaton,Dr,University Goce Delcev,sleaton30@xrea.com
110,Tana,McDiarmid,Mrs,Delaware State University,tmcdiarmid31@people.com.cn
111,Melony,Shatliffe,Rev,Universiti Tenaga Nasional,mshatliffe32@google.ru
112,Mara,Tupling,Mr,Indian Institute of Information Technology and Management - Kerala,mtupling33@networkadvertising.org
113,Loretta,Brigge,Ms,Eastern College,lbrigge34@jiathis.com
114,Miles,Petrol,Ms,Himeji Dokkyo University,mpetrol35@cisco.com
115,Kelsy,Sotheby,Mrs,Chongqing Wenli University,ksotheby36@t-online.de
116,Olag,Sinden,Mrs,Lebanese International University,osinden37@timesonline.co.uk
117,Taddeusz,Loude,Rev,Royal University of Bhutan,tloude38@oracle.com
118,Giovanni,Cadd,Rev,Grace Bible College,gcadd39@rambler.ru
119,Damian,Fergie,Honorable,Tripura University,dfergie3a@geocities.com
120,Hedvig,Auletta,Honorable,Mazandaran University of Science & Technology,hauletta3b@hostgator.com
121,Anatola,Reding,Mrs,Rockhurst College,areding3c@godaddy.com
122,Klarika,Hatwell,Honorable,Universidad Arcis,khatwell3d@taobao.com
123,Berkeley,Brion,Rev,Universität Bremen,bbrion3e@diigo.com
124,Ola,Murkitt,Ms,University of Newcastle-upon-Tyne,omurkitt3f@japanpost.jp
125,Jess,Dubock,Rev,Faculdade Jaguariúna,jdubock3g@dedecms.com
126,Westbrooke,Overel,Honorable,International University of Travnik,woverel3h@samsung.com
127,Leesa,Olivazzi,Dr,Okinawa International University,lolivazzi3i@forbes.com
128,Gaston,Lavallin,Mrs,Instituto Superior de Saúde do Alto Ave,glavallin3j@4shared.com
129,Marya,Hoy,Mr,Tibet University of Nationalities,mhoy3k@mayoclinic.com
130,Charil,Russam,Rev,"California State University, Fullerton",crussam3l@princeton.edu
131,Teresina,Fulun,Ms,Seoul National University,tfulun3m@ox.ac.uk
132,Faythe,Flatman,Rev,Université de Bangui,fflatman3n@bloglovin.com
133,Willis,Gilardengo,Ms,Delta International University,wgilardengo3o@sakura.ne.jp
134,Caspar,Szanto,Rev,University of Arkansas at Monticello,cszanto3p@washington.edu
135,Zachariah,Rulton,Dr,Universidad de Camagüey,zrulton3q@xinhuanet.com
136,Darby,Cowherd,Rev,Universidade Vale do Rio dos Sinos,dcowherd3r@slideshare.net
137,Morris,Izod,Dr,University of Puget Sound,mizod3s@sourceforge.net
138,Pauletta,Tomlin,Honorable,Theologische Fakultät Paderborn,ptomlin3t@miibeian.gov.cn
139,Janet,Southorn,Mr,International University in Geneva,jsouthorn3u@cargocollective.com
140,Amity,Biasi,Ms,Universidad de Hermosillo,abiasi3v@tumblr.com
141,Audrye,Blunkett,Ms,Abubakar Tafawa Balewa University,ablunkett3w@umn.edu
142,Winifield,Reany,Rev,"Mohammad Ali Jinnah University, Karachi",wreany3x@sciencedirect.com
143,Kelcey,Tourry,Honorable,International University of Travnik,ktourry3y@msu.edu
144,Aili,Keave,Dr,Instituto Nacional de Matemática Pura e Aplicada - IMPA,akeave3z@pinterest.com
145,Rossie,Wastall,Rev,Chonbuk National University,rwastall40@epa.gov
146,Karoly,Sans,Honorable,Boise State University,ksans41@slate.com
147,Jeremy,Sheddan,Honorable,Utsunomiya University,jsheddan42@usatoday.com
148,Ora,Kasting,Mrs,Anna University,okasting43@ed.gov
149,Ayn,Concannon,Mrs,Universidad de Oriente,aconcannon44@epa.gov
150,Phil,Stabler,Rev,University of Jan Evangelista Purkyne,pstabler45@opera.com
151,Lonnie,Bumfrey,Mrs,University of Thessaly,lbumfrey46@nba.com
152,Anneliese,Arndell,Dr,Pandit Ravi Shankar Shukla University,aarndell47@ocn.ne.jp
153,Holly-anne,Ipsly,Ms,"Islamic Azad University, Varamin",hipsly48@nps.gov
154,Barnard,Drinkhall,Dr,University of Witwatersrand,bdrinkhall49@soundcloud.com
155,Gussi,Jimson,Mr,Erciyes University,gjimson4a@nytimes.com
156,Loleta,Illyes,Rev,Technological University (Pakokku),lillyes4b@cdc.gov
157,Faydra,Halleybone,Dr,Doshisha Women's College of Liberal Arts,fhalleybone4c@seesaa.net
158,Erin,Fitzgerald,Dr,SRM Institute Of Science & Technology ( Deemed University),efitzgerald4d@51.la
159,Olenka,Barnsdall,Ms,Razi University,obarnsdall4e@bigcartel.com
160,Kessiah,Gonthier,Mrs,Kumamoto University,kgonthier4f@biblegateway.com
161,Natty,Senechault,Honorable,Queensland University of Technology,nsenechault4g@so-net.ne.jp
162,Rhoda,Clohessy,Ms,California University of Management and Sciences,rclohessy4h@businessinsider.com
163,Patin,Prine,Mrs,Gondar University,pprine4i@elpais.com
164,Mariquilla,Janczewski,Ms,University of Central Florida,mjanczewski4j@census.gov
165,Leon,Hooke,Mr,Ecole Supérieure de Commerce de Rouen,lhooke4k@newsvine.com
166,Suzi,Gonsalvez,Rev,University of West Hungary,sgonsalvez4l@time.com
167,Tam,Waldron,Mrs,Bifrost School of Business,twaldron4m@fema.gov
168,Alicia,Yancey,Mrs,Centro Universitário Claretiano,ayancey4n@apple.com
169,Stinky,Aiskrigg,Ms,Salem University,saiskrigg4o@si.edu
170,Rebeka,Bruinsma,Mr,Riyadh College of Dentistry and Pharmacy,rbruinsma4p@geocities.jp
171,Cchaddie,De Brett,Mr,Universidad Monsenor Oscar Arnulfo Romeo,cdebrett4q@lycos.com
172,Em,McNea,Mr,Prague Institute of Chemical Technology,emcnea4r@sakura.ne.jp
173,Stafford,Dolling,Rev,University of Central Missouri,sdolling4s@amazon.de
174,Cindy,Martinet,Rev,Randolph-Macon College,cmartinet4t@wikispaces.com
175,Allx,Purdy,Rev,Helsinki University of Technology,apurdy4u@spiegel.de
176,Samara,Magenny,Ms,"California State University, Sacramento",smagenny4v@gmpg.org
177,Tomas,Mollison,Mr,University of Agriculture and Veterinary Medicine Timisoara,tmollison4w@google.cn
178,Denys,Portinari,Honorable,Franklin W. Olin College of Engineering,dportinari4x@nationalgeographic.com
179,Davin,Delacroux,Honorable,Universidade Federal do Espírito Santo,ddelacroux4y@forbes.com
180,Saundra,Robbeke,Mrs,University of Tromsø,srobbeke4z@google.ca
181,Tedi,Lumsdon,Ms,Asbury College,tlumsdon50@usatoday.com
182,Marin,Peal,Mr,Gaziantep University,mpeal51@senate.gov
183,Mallory,Sworder,Mr,Keimyung University,msworder52@dagondesign.com
184,Sharl,Adamik,Dr,Brewton-Parker College,sadamik53@reference.com
185,Pasquale,Burton,Mr,Singidunum University,pburton54@pinterest.com
186,Mikael,Smallcombe,Mr,Université Kasdi Merbah Ouargla,msmallcombe55@spotify.com
187,Annaliese,Rizzardi,Honorable,Hartwick College,arizzardi56@pcworld.com
188,Wileen,Phil,Mrs,Carthage College,wphil57@opera.com
189,Lorens,Wellington,Mr,Oita University,lwellington58@photobucket.com
190,Norman,Vodden,Mrs,Instituto Politécnico da Guarda,nvodden59@globo.com
191,Erna,Grayshon,Mr,Xinjiang Normal University,egrayshon5a@paginegialle.it
192,Jean,Conti,Mr,Pomor State University,jconti5b@yelp.com
193,Gaylord,Odeson,Mr,Eckerd College,godeson5c@hubpages.com
194,Julienne,Van't Hoff,Ms,University of Otago,jvanthoff5d@blogspot.com
195,Ulrike,Barks,Rev,Memphis College of Art,ubarks5e@msn.com
196,Bruno,Chadwick,Mr,Westmont College,bchadwick5f@livejournal.com
197,Jehu,Rockwell,Mrs,Gifu Shotoku Gakuen University,jrockwell5g@nba.com
198,Gradey,Sidon,Dr,Qafqaz University,gsidon5h@cnn.com
199,Fara,Galliver,Dr,Sahand University of Technology,fgalliver5i@usa.gov
200,Wallie,Merigon,Mrs,Kenya College of Accountancy,wmerigon5j@google.com.hk
201,Candace,Huncote,Mrs,Universidad de San Andres,chuncote5k@sogou.com
202,Etienne,Fidock,Dr,University of Medicine and Pharmacy of Targu Mures,efidock5l@google.fr
203,Lindie,Learmond,Rev,University of the Assumption,llearmond5m@hubpages.com
204,Lisabeth,Yakunikov,Ms,"Indian Institute of Management, Tiruchirappalli",lyakunikov5n@telegraph.co.uk
205,Dahlia,Nockles,Rev,Universidade Metropolitana de Angola,dnockles5o@ucsd.edu
206,Poppy,Jerrard,Dr,University of Cambodia,pjerrard5p@google.it
207,Danna,Whatling,Honorable,Universidad Autónoma de Yucatán,dwhatling5q@amazon.co.jp
208,Judi,Heaseman,Mr,Moscow State University,jheaseman5r@tuttocitta.it
209,Burnard,Scoates,Dr,Universidade Atlântica,bscoates5s@google.fr
210,Winston,De Freyne,Honorable,Allahabad University,wdefreyne5t@webnode.com
211,Annmaria,Muston,Rev,Universidad Nuevo Mundo,amuston5u@cnn.com
212,Emiline,Hustings,Mrs,Universidad de la Integración de las Americas (UNIDAD),ehustings5v@desdev.cn
213,Jerrie,Keyse,Honorable,Antioch University Seattle,jkeyse5w@mapquest.com
214,Langston,Perrottet,Rev,Universidade Cidade de São Paulo,lperrottet5x@ovh.net
215,Darrell,Gocke,Honorable,K.N.Toosi University of Technology,dgocke5y@tinyurl.com
216,Manolo,Anning,Mrs,Capitol College,manning5z@ebay.com
217,Valentine,Trimnell,Mrs,Université de Montpellier I,vtrimnell60@sina.com.cn
218,Tobie,Paddy,Rev,Universidad Privada Antenor Orrego,tpaddy61@fema.gov
219,Amaleta,Elleray,Rev,Canterbury Christ Church University,aelleray62@apple.com
220,Cosette,McClements,Mrs,College of Business Management ( CBM ),cmcclements63@privacy.gov.au
221,Guenna,Meltetal,Honorable,Universitas Muhammadiyah Makassar,gmeltetal64@samsung.com
222,Karee,Domanski,Mr,Dhofar University,kdomanski65@oaic.gov.au
223,Valentia,Beddingham,Mr,College of the Holy Cross,vbeddingham66@usda.gov
224,Alfreda,Witch,Rev,University of Pennsylvania,awitch67@dagondesign.com
225,Cyndi,Bewfield,Mrs,Universidad Odontológica Dominicana,cbewfield68@psu.edu
226,Kendall,Bengall,Rev,University of Ilorin,kbengall69@ted.com
227,Florina,Rehme,Honorable,Universitas Islam Jakarta,frehme6a@joomla.org
228,Niccolo,Whate,Ms,International Culinary Institute (ICI),nwhate6b@epa.gov
229,Colas,Henrichsen,Dr,Iran University of Medical Sciences,chenrichsen6c@jugem.jp
230,Burt,Laverack,Dr,Universidade da Beira Interior,blaverack6d@pbs.org
231,Elliott,Jackett,Mr,"Institue of Historical Research, University of London",ejackett6e@cnn.com
232,Miof mela,Dooley,Mrs,Nairobi Institute of Business Studies ,mdooley6f@a8.net
233,Zacherie,Torbard,Mrs,Tianjin Polytechnic University,ztorbard6g@reverbnation.com
234,Ingeborg,Putland,Dr,Institute of Accountancy Arusha,iputland6h@shop-pro.jp
235,Nissa,Younge,Ms,College of St. Elizabeth,nyounge6i@nyu.edu
236,Cele,Mallion,Dr,Universitas Muhammadiyah Jakarta,cmallion6j@list-manage.com
237,Keefer,Schlag,Mr,Morningside College,kschlag6k@simplemachines.org
238,Phelia,Foyster,Mrs,Diyala University,pfoyster6l@amazon.co.uk
239,Ranee,O'Sirin,Mrs,Reformed Theological Academy of Debrecen,rosirin6m@yahoo.co.jp
240,Early,Shackle,Ms,Toyama University,eshackle6n@springer.com
241,Lesly,Doles,Honorable,Lanzhou University,ldoles6o@simplemachines.org
242,Isobel,Fortun,Ms,ICI University,ifortun6p@nbcnews.com
243,Margarette,Russen,Dr,"National Institute of Technology, Trichy",mrussen6q@state.tx.us
244,Roselia,Padula,Rev,Kyungwon University,rpadula6r@mac.com
245,Maurene,Gettings,Honorable,Deccan College Postgraduate and Research Institute,mgettings6s@jigsy.com
246,Merle,Kochs,Dr,Sam Houston State University,mkochs6t@ox.ac.uk
247,Ripley,Kline,Dr,Universidad de Manizales,rkline6u@globo.com
248,Diahann,Osgerby,Honorable,Texas Southern University,dosgerby6v@typepad.com
249,Lannie,Caseley,Mr,Dong-A University,lcaseley6w@mapy.cz
250,Thia,Manders,Dr,Iwaki Meisei University,tmanders6x@foxnews.com
251,Kaine,Moyles,Dr,Ural Academy of Public Administration,kmoyles6y@prnewswire.com
252,Otha,Cupper,Ms,Mongolian State University of Arts and Culture,ocupper6z@gizmodo.com
253,Allyn,Spelling,Ms,Babol Noshirvani University of Technology,aspelling70@blogspot.com
254,Nonnah,Lille,Ms,Ecole Centrale d'Electronique - ECE,nlille71@sogou.com
255,Kath,Alfwy,Honorable,Pan-African University,kalfwy72@who.int
256,Maighdiln,Vuitte,Mr,Augusta State University,mvuitte73@gizmodo.com
257,Andrea,Kernermann,Mr,Dalian University,akernermann74@mayoclinic.com
258,Layton,Yanyushkin,Mrs,Florida University of Medicine,lyanyushkin75@free.fr
259,Andriette,Midlane,Mr,Xiangtan University,amidlane76@webs.com
260,Jacquie,Swinburn,Rev,Nakhchivan State University,jswinburn77@google.ru
261,Ambrosio,Lasslett,Honorable,Tohoku Fukushi University,alasslett78@is.gd
262,Elvin,Fratczak,Mrs,Sibelius Academy,efratczak79@linkedin.com
263,Evyn,Calvert,Mr,Eötvös Lorand University,ecalvert7a@nydailynews.com
264,Erl,Norwood,Honorable,Nippon Sport Science University,enorwood7b@theatlantic.com
265,Orsa,Skinley,Ms,Shahid Bahonar University of Kerman,oskinley7c@parallels.com
266,Marchall,Bargh,Mrs,Gnesins Russian Academy of Music,mbargh7d@so-net.ne.jp
267,Dietrich,Leon,Dr,China University of Geosciences Wuhan,dleon7e@slashdot.org
268,Fred,Perrelle,Ms,Oita Medical University,fperrelle7f@google.com.hk
269,Cyrillus,Jozwik,Mrs,South Asian University,cjozwik7g@apple.com
270,Mozes,Hawksworth,Dr,Azerbaijan Diplomatic Academy,mhawksworth7h@sbwire.com
271,Freddi,Briand,Mr,University of Leicester,fbriand7i@toplist.cz
272,Evy,Duckers,Rev,Takushoku University,educkers7j@lycos.com
273,Tomaso,Speight,Ms,University of Piraeus,tspeight7k@state.gov
274,Marabel,Angel,Ms,Rheinische Fachhochschule Köln,mangel7l@hostgator.com
275,Deane,Frackiewicz,Dr,Maryville University of St. Louis,dfrackiewicz7m@stumbleupon.com
276,Ancell,Davet,Honorable,Universitas 17 Agustus 1945 Banyuwangi,adavet7n@odnoklassniki.ru
277,Ivett,Bearn,Mr,Fiji National University ,ibearn7o@netscape.com
278,Astrix,Scritch,Ms,Mongolian State University of Agriculture,ascritch7p@icio.us
279,Markos,Garfitt,Rev,Komazawa University,mgarfitt7q@shop-pro.jp
280,Nady,Fortesquieu,Mr,Corporación Universitaria de la Costa (UNICOSTA),nfortesquieu7r@last.fm
281,Atlanta,Gerleit,Ms,Escuela Agricola Panamericana Zamorano,agerleit7s@tumblr.com
282,Sholom,Frogley,Honorable,Fordham University,sfrogley7t@alibaba.com
283,Pattin,Stuttard,Rev,Ecole Nationale Supérieure d'Electronique et de Radioelectricite de Bordeaux,pstuttard7u@t.co
284,Chlo,Worham,Ms,Samar State University,cworham7v@privacy.gov.au
285,Ailey,Kayser,Ms,ifs University College,akayser7w@ucsd.edu
286,Latashia,Hallin,Dr,Government College University Lahore,lhallin7x@prweb.com
287,Pieter,Sharkey,Honorable,Fachhochschule Wedel,psharkey7y@a8.net
288,Lee,Keynd,Dr,Lagos State University,lkeynd7z@goo.ne.jp
289,Dora,Davidsson,Mr,Ashiya University,ddavidsson80@howstuffworks.com
290,Hazel,Coveney,Rev,Claflin College,hcoveney81@xinhuanet.com
291,Tonie,Easman,Ms,"Rutgers, The State University of New Jersey - Newark",teasman82@usnews.com
292,Neille,Murcutt,Dr,Miami University of Ohio - Hamilton,nmurcutt83@loc.gov
293,Sarge,Schlagman,Mrs,Erciyes University,sschlagman84@wix.com
294,Zachariah,Cashin,Mr,Belarussian State University,zcashin85@redcross.org
295,Bartholomew,Farnorth,Dr,Universitas Brawijaya,bfarnorth86@earthlink.net
296,Travers,Anmore,Ms,Leiden University,tanmore87@techcrunch.com
297,Theresita,Ansty,Mr,"New York University, Abu Dhabi",tansty88@indiegogo.com
298,Stacy,Goranov,Mr,Adelphi University,sgoranov89@samsung.com
299,Udale,Gronow,Dr,Spertus Institute of Jewish Studies,ugronow8a@devhub.com
300,Sergent,Borley,Honorable,Universidad del Cine - Buenos Aires,sborley8b@howstuffworks.com
301,Ariel,Bolino,Rev,South China University,abolino8c@ucsd.edu
302,Bourke,Baldi,Dr,"Universidad Internacional de Andalucía, Sede Antonio Machado de Baeza",bbaldi8d@sina.com.cn
303,Virgie,Frisdick,Ms,University of Mohaghegh,vfrisdick8e@google.it
304,Price,Blaase,Dr,Sami Shamoon College of Engineering,pblaase8f@wikipedia.org
305,Ella,Daveran,Ms,Sri Chandrasekharendra Saraswathi Viswa Mahavidyalaya,edaveran8g@businessinsider.com
306,Hilario,Tomaschke,Honorable,Kaboora Institute of Higher Education,htomaschke8h@usnews.com
307,Demetrius,Samet,Honorable,University of Switzerland,dsamet8i@meetup.com
308,Abby,Sainte Paul,Dr,National Hispanic University,asaintepaul8j@lulu.com
309,Kasper,Blaxall,Ms,University of the Western Cape,kblaxall8k@sphinn.com
310,Bruis,Bartolomieu,Rev,Salve Regina University,bbartolomieu8l@edublogs.org
311,Major,Eadie,Mr,Oakland University,meadie8m@unicef.org
312,Pascale,Haggie,Honorable,Dayalbagh Educational Institute,phaggie8n@devhub.com
313,Ellissa,Everingham,Honorable,Wilmington College,eeveringham8o@istockphoto.com
314,Lemar,Pardew,Honorable,Baghlan University,lpardew8p@abc.net.au
315,Rozanna,Duddy,Mrs,University of New Haven,rduddy8q@deviantart.com
316,Sarene,Messham,Ms,Truman College,smessham8r@domainmarket.com
317,Ginelle,Cansdale,Rev,Universidad Itaca,gcansdale8s@furl.net
318,Nisse,Sammonds,Ms,Johnson County Community College,nsammonds8t@about.com
319,Arte,Ganny,Honorable,Conestoga College,aganny8u@bandcamp.com
320,Rafaelita,Newcom,Ms,Gazi University Ankara,rnewcom8v@xrea.com
321,Boris,Sworne,Honorable,Azerbaijan National Conservatorie,bsworne8w@behance.net
322,Teddie,Esplin,Honorable,Chinju National University,tesplin8x@artisteer.com
323,Magdalen,Manass,Rev,Bangladesh University of Textiles,mmanass8y@marketwatch.com
324,Pavlov,Cotelard,Mr,Government College University Lahore,pcotelard8z@github.io
325,Tomlin,Masser,Mrs,Al Mamon University College,tmasser90@mapquest.com
326,Maggee,Speaks,Rev,Universidad Juan Misael Saracho,mspeaks91@zimbio.com
327,Janeen,Treacy,Ms,Ubonratchathani University,jtreacy92@mozilla.org
328,Giovanni,Tandey,Rev,Universidad Nacional Autónoma de Honduras,gtandey93@github.com
329,Mallissa,Sallenger,Honorable,Istanbul Kultur University,msallenger94@wordpress.org
330,Byron,Littefair,Dr,Keio University,blittefair95@nsw.gov.au
331,Dev,Pietri,Rev,"National American University, Albuquerque",dpietri96@harvard.edu
332,Cahra,Reavey,Dr,"City University of New York, New York City Technical College",creavey97@wp.com
333,Irena,Lemarie,Mrs,Märkische Fachhochschule Iserlohn,ilemarie98@businessinsider.com
334,Sayer,Ragborne,Rev,Iasar University,sragborne99@arizona.edu
335,Rochester,Adamsson,Mr,"Mercer University, Cecil B. Day Campus",radamsson9a@ucla.edu
336,Thadeus,Sulland,Mr,Texas A&M University - Corpus Christi,tsulland9b@studiopress.com
337,Alta,Sharman,Honorable,Universität Osnabrück,asharman9c@cnbc.com
338,Bond,Bingell,Mrs,St. Petersburg State Polytechnical University,bbingell9d@networkadvertising.org
339,Mathias,Kerans,Dr,Sakushin Gakuin University,mkerans9e@goodreads.com
340,Cordie,Lipscombe,Mr,Anglo-American University,clipscombe9f@vk.com
341,Trever,Sked,Mrs,Meredith College,tsked9g@patch.com
342,Benedick,McFarlan,Honorable,Hiroshima Prefectural University,bmcfarlan9h@netvibes.com
343,Tanitansy,Wycherley,Rev,Universidad de la Tercera Edad,twycherley9i@unblog.fr
344,Candy,Bohman,Mr,Universidad Central del Este,cbohman9j@php.net
345,Angelo,Gaukroger,Mr,University of Oregon,agaukroger9k@qq.com
346,Dean,Ellwand,Mr,Silpakorn University,dellwand9l@privacy.gov.au
347,Lind,Keppin,Honorable,University of Lecce,lkeppin9m@imgur.com
348,Aldrich,Pottell,Dr,City University Athens,apottell9n@tiny.cc
349,Juieta,McKinie,Dr,Universidade de Coimbra,jmckinie9o@alibaba.com
350,Niels,Smaling,Rev,Oradea University,nsmaling9p@wufoo.com
351,Dorie,Banisch,Honorable,Takamatsu University,dbanisch9q@addthis.com
352,Royal,Raxworthy,Mr,Excel College,rraxworthy9r@cbsnews.com
353,Ancell,Dunsford,Mr,Gallaudet University,adunsford9s@prnewswire.com
354,Cindie,Maciunas,Mrs,Universitas Mahasaraswati Denpasar,cmaciunas9t@msn.com
355,Adrea,Learman,Mr,University of Paisley,alearman9u@yahoo.com
356,Wright,Meatyard,Ms,Universidad Católica de Salta,wmeatyard9v@ca.gov
357,Lucho,Janacek,Ms,East Kazakstan State Technical University,ljanacek9w@go.com
358,Kerwin,Jandourek,Mrs,Heritage College,kjandourek9x@wikimedia.org
359,Angelina,Pottell,Dr,"Universidad de Puerto Rico, Arecibo",apottell9y@fotki.com
360,Liuka,Gilgryst,Honorable,Bethlehem University,lgilgryst9z@smugmug.com
361,Deloria,Butchard,Dr,Escuela Bancaria y Comercial,dbutcharda0@sourceforge.net
362,Jen,Ellesmere,Rev,University of Rhode Island,jellesmerea1@mtv.com
363,Almeda,Craik,Rev,China USA Business University,acraika2@xinhuanet.com
364,Jillene,Parradice,Rev,Masaryk University,jparradicea3@cbslocal.com
365,Agosto,Bernucci,Honorable,University of Transport and Communications,abernuccia4@ftc.gov
366,Tynan,Redford,Honorable,Chosun University,tredforda5@domainmarket.com
367,Aymer,Clews,Dr,Ecole Supérieure de Commerce et des Affaires,aclewsa6@geocities.com
368,Trudie,Ponting,Rev,Webster University Geneva,tpontinga7@scientificamerican.com
369,Goldie,Leimster,Mr,Universidad Nacional del Littoral,gleimstera8@unc.edu
370,Granny,Shaxby,Rev,Universität Hamburg,gshaxbya9@hhs.gov
371,Elianora,Kensit,Ms,Texila American University,ekensitaa@sphinn.com
372,Cornall,Bucktrout,Honorable,Université de Biskra,cbucktroutab@acquirethisname.com
373,Cherise,Edmondson,Mrs,Khon Kaen University,cedmondsonac@eventbrite.com
374,Frasquito,Jacquet,Mrs,New Bulgarian University,fjacquetad@clickbank.net
375,Ramon,Rigbye,Dr,University College of Saint-Boniface,rrigbyeae@facebook.com
376,Rheta,Hawthorn,Mrs,Keisen Jogaku-en College,rhawthornaf@biblegateway.com
377,Stephana,Phettiplace,Mr,Guangxi University,sphettiplaceag@aboutads.info
378,Nealon,Ferrai,Rev,Full Sail University,nferraiah@sfgate.com
379,Adara,Alvey,Ms,Vilnius University,aalveyai@wikimedia.org
380,Gregor,Korda,Mrs,Nova Scotia College of Art and Design,gkordaaj@sun.com
381,Meade,Faughey,Dr,Centro Universitário Barao de Maua,mfaugheyak@sourceforge.net
382,Niles,Thorogood,Mrs,"University of Wales, Lampeter",nthorogoodal@photobucket.com
383,Farleigh,Hamsley,Honorable,Rabindra Bharati University,fhamsleyam@sbwire.com
384,Izaak,Hauch,Mr,Moscow State Technical University of Civil Aviation,ihauchan@opera.com
385,Sarajane,Ickovic,Rev,Sultan Ismail Petra International Islamic College,sickovicao@loc.gov
386,Mollie,Whitham,Rev,Falmouth University,mwhithamap@t.co
387,Alden,Davidovicz,Honorable,University of Botswana,adavidoviczaq@ihg.com
388,Preston,Scneider,Dr,Hemwati Nandan Bahuguna Garhwal University,pscneiderar@webnode.com
389,Yardley,Stapells,Ms,Diyala University,ystapellsas@quantcast.com
390,Ivar,Sanchiz,Rev,Afe Babalola University,isanchizat@tmall.com
391,Marie-jeanne,Friett,Rev,Chandra Shekhar Azad University of Agriculture and Technology,mfriettau@w3.org
392,Ranna,Juden,Dr,Telugu University,rjudenav@ted.com
393,Roberta,Morrid,Mrs,International University in Germany,rmorridaw@example.com
394,Sherill,Hurling,Dr,Rabindra Bharati University,shurlingax@hao123.com
395,Gisela,Trase,Mrs,Quinnipiac College,gtraseay@archive.org
396,Reggi,Frick,Honorable,"Concordia College, Selma",rfrickaz@digg.com
397,Viole,Losbie,Mr,Tiffin University Prague,vlosbieb0@is.gd
398,Allyn,Brigg,Honorable,Universidad Autónoma de Madrid,abriggb1@dmoz.org
399,Allegra,Trays,Mrs,Morningside College,atraysb2@vk.com
400,Grata,Durward,Rev,University of Health and Science,gdurwardb3@exblog.jp
401,Thomasine,Goldby,Dr,Ecole Supérieure de Commerce de Lille,tgoldbyb4@wordpress.org
402,Horatia,Heenan,Rev,Mid-American Bible College,hheenanb5@dion.ne.jp
403,Terrel,Smy,Mrs,Wayo Women's University,tsmyb6@spiegel.de
404,Kevina,Bilborough,Rev,EPF Ecole d'Ingénieurs,kbilboroughb7@acquirethisname.com
405,Karrah,Stronghill,Ms,"Payame Noor University, Tafresh",kstronghillb8@weebly.com
406,Kelci,Darridon,Dr,Universidad Nacional del Callao,kdarridonb9@ed.gov
407,Levin,Astupenas,Rev,Islamia University of Bahawalpur,lastupenasba@virginia.edu
408,Fernando,Longmaid,Dr,University of Delaware,flongmaidbb@nasa.gov
409,Hugh,Hargraves,Ms,Lagrange College,hhargravesbc@wix.com
410,Harlin,Winspeare,Rev,Université Kofi Annan,hwinspearebd@dropbox.com
411,Roxi,Pendrich,Dr,Whitman College,rpendrichbe@irs.gov
412,Cordelia,Finlow,Rev,New York Film Academy,cfinlowbf@imdb.com
413,Rhys,Gibling,Mr,Pennsylvania State University - Lehigh Valley,rgiblingbg@tiny.cc
414,Sterne,Mc Combe,Dr,Mariano Marcos State University,smccombebh@google.com.au
415,Garey,Listone,Mr,"Katholieke Universiteit Leuven, Campus Kortrijk",glistonebi@apache.org
416,Clayborne,Manger,Honorable,Maritime University in Szczecin,cmangerbj@ebay.com
417,Trstram,Spitell,Rev,California School of Professional Psychology - Fresno,tspitellbk@answers.com
418,Leontyne,Matt,Mrs,Nanjing University of Traditional Chinese Medicine,lmattbl@fc2.com
419,Elia,Leahair,Rev,Gulu University,eleahairbm@sciencedaily.com
420,Cody,Nolleth,Mrs,Ecole Nationale Supérieure des Mines d'Alès,cnollethbn@newsvine.com
421,Evangelina,Novello,Ms,Niigata Sangyo University,enovellobo@4shared.com
422,Ely,Calvey,Mr,PTPL College,ecalveybp@msn.com
423,Tish,Fayne,Ms,Faculdade Integradas do Ceará,tfaynebq@histats.com
424,Andie,Danilov,Ms,North West Frontier Province Agricultural University,adanilovbr@sciencedaily.com
425,Merle,Carberry,Dr,Academy of Art College,mcarberrybs@tuttocitta.it
426,Giraldo,Bradberry,Rev,"California State University, San Marcos",gbradberrybt@pinterest.com
427,Zia,Gibbonson,Honorable,Kenyatta University,zgibbonsonbu@sina.com.cn
428,Ronica,Pincott,Rev,California School of Professional Psychology - San Diego,rpincottbv@hhs.gov
429,Sydney,Stive,Ms,Ecole Nationale Supérieure du Pétrole et des Monteurs,sstivebw@unc.edu
430,Luke,Antoni,Dr,University of Regina Carmeli,lantonibx@storify.com
431,Yuri,Monroe,Mr,University of Nova Gorica,ymonroeby@shareasale.com
432,Annadiana,Kiffin,Mr,Gaziantep University,akiffinbz@youtu.be
433,Hedda,Ramme,Rev,Universität Dortmund,hrammec0@seesaa.net
434,Sydel,Jimmes,Mr,Universitas Muhammadiyah Mataram,sjimmesc1@nyu.edu
435,Granthem,Biaggetti,Rev,Sri Padmavati Women's University,gbiaggettic2@auda.org.au
436,Ludwig,Lathleiffure,Mr,Kanazawa University,llathleiffurec3@posterous.com
437,Riordan,Cossem,Dr,St. Petersburg State University of Economics and Finance,rcossemc4@w3.org
438,Evie,Shakespeare,Mrs,Smith College,eshakespearec5@umich.edu
439,Jerrie,Halbard,Rev,Melaka Islamic University College,jhalbardc6@paypal.com
440,Delly,Kaysor,Rev,Widener University,dkaysorc7@state.gov
441,Lorraine,Coghlan,Dr,Universidad Privada del Norte,lcoghlanc8@feedburner.com
442,Richy,Hannigane,Mr,University of Oklahoma Health Sciences Center,rhanniganec9@delicious.com
443,Monroe,Piers,Rev,Universitas Pakuan,mpiersca@topsy.com
444,Derril,Avrashin,Dr,Medical University Varna,davrashincb@foxnews.com
445,Dania,Banting,Dr,Universidad de San José,dbantingcc@aol.com
446,Steffi,Benedite,Ms,Universidade Federal de Santa Catarina,sbeneditecd@globo.com
447,Oralee,Burnand,Mrs,Takasaki City University of Economics,oburnandce@geocities.com
448,Ethelred,Pawelski,Dr,Slovak Medical University,epawelskicf@bbc.co.uk
449,Janela,Strawbridge,Honorable,Hokkaido Tokai University,jstrawbridgecg@so-net.ne.jp
450,Anabella,Koenraad,Dr,Russian-Armenian (Slavonic) State University,akoenraadch@vinaora.com
451,Carlotta,Kearey,Rev,Tabriz College of Technology,ckeareyci@plala.or.jp
452,Fred,Jallin,Mrs,Jawaharlal Nehru University,fjallincj@newyorker.com
453,Prudy,Geeritz,Rev,Paktia University,pgeeritzck@123-reg.co.uk
454,Moria,Gallon,Ms,Planwel University,mgalloncl@si.edu
455,Dorene,Cottesford,Mrs,University College of Skövde,dcottesfordcm@sohu.com
456,Veradis,McNamee,Mrs,Bellin College of Nursing,vmcnameecn@list-manage.com
457,Cindie,Heggadon,Mr,University of Calgary,cheggadonco@e-recht24.de
458,Lian,Chilvers,Rev,"California State University, San Marcos",lchilverscp@shutterfly.com
459,Kelly,Stuckey,Rev,Fachhochschule Schmalkalden,kstuckeycq@free.fr
460,Celle,Plaschke,Mr,Francis Marion University,cplaschkecr@google.com.br
461,Ephrayim,Tringham,Ms,Institut National Supérieur de Formation Agro-Alimentaire,etringhamcs@linkedin.com
462,Tiffi,Bracer,Honorable,Howard Payne University,tbracerct@aol.com
463,Marietta,Knok,Rev,University of Moncton,mknokcu@gnu.org
464,Ottilie,Folger,Dr,"Universidad ""Arturo Prat""",ofolgercv@constantcontact.com
465,Lucie,Van der Son,Dr,"National Institute of Technology, Trichy",lvandersoncw@weebly.com
466,Bella,De Roberto,Mr,Tomsk State Pedagogical University,bderobertocx@arstechnica.com
467,Cristy,Meco,Dr,Franciscan School of Theology,cmecocy@mozilla.com
468,Austine,Gravet,Dr,Holmes Institute,agravetcz@topsy.com
469,Clarke,Defrain,Ms,Fachhochschule Merseburg,cdefraind0@reddit.com
470,Donn,Claeskens,Mr,Universitat Autónoma de Barcelona,dclaeskensd1@liveinternet.ru
471,Faina,Sartin,Mr,Napier University,fsartind2@discuz.net
472,Yanaton,Corser,Dr,University of Swaziland,ycorserd3@cloudflare.com
473,Nolana,Jansema,Mr,Volgograd State University of Architecture and Civil Engineering (VolgGASU),njansemad4@multiply.com
474,Lotta,Molloy,Mr,Wilkes University,lmolloyd5@ibm.com
475,Twyla,Hinnerk,Mr,Universidad EAFIT,thinnerkd6@ifeng.com
476,Lorna,Jansema,Rev,Rockford College,ljansemad7@ebay.co.uk
477,Alana,Prestedge,Mrs,Pedagogical University of Krakow,aprestedged8@nydailynews.com
478,Ola,Cristea,Rev,Kyrgyz State Technical University,ocristead9@spotify.com
479,Camellia,Gregine,Rev,Voronezh State Academy of Technology,cgregineda@uol.com.br
480,Clarine,Davis,Mrs,Al-Zaiem Al-Azhari University,cdavisdb@ebay.co.uk
481,Harrie,Greenhall,Dr,College of Nursing and Allied Health Scinces,hgreenhalldc@msu.edu
482,Mirilla,Roddell,Mrs,Hamilton College,mroddelldd@example.com
483,Portie,Walewicz,Ms,Bakhtar University,pwalewiczde@youtube.com
484,Rory,Illem,Ms,John Wesley College,rillemdf@webmd.com
485,Dionysus,Ostler,Mrs,Webster University North Florida,dostlerdg@tamu.edu
486,Flore,Willisch,Ms,Schiller International University,fwillischdh@opera.com
487,Bruno,Scothorne,Honorable,Florida Community College at Jacksonville,bscothornedi@de.vu
488,Pierce,Wallentin,Mr,Taipei Medical College,pwallentindj@yahoo.co.jp
489,Coretta,Masselin,Rev,Northeast Forest University,cmasselindk@nydailynews.com
490,Ki,Shearmur,Mrs,Universidad Nacional de Tres de Febrero,kshearmurdl@free.fr
491,Iris,Winkless,Honorable,Stephen F. Austin State University,iwinklessdm@twitter.com
492,Nessie,Kopp,Ms,Universidad de las Regiones Autónomas de la Costa Caribe Nicaragüense,nkoppdn@samsung.com
493,Giordano,De Bischof,Honorable,Universidade do Minho,gdebischofdo@plala.or.jp
494,Codie,Audas,Rev,Charles Darwin University,caudasdp@weibo.com
495,Rhoda,Neno,Mr,Eastern New Mexico University,rnenodq@fc2.com
496,Thor,Shillinglaw,Mr,University of Information Technology and Management in Rzeszow,tshillinglawdr@mapquest.com
497,Sarge,Dealy,Dr,University of West Hungary,sdealyds@paypal.com
498,Sherrie,Futty,Honorable,Universität Augsburg,sfuttydt@craigslist.org
499,Dino,Featherstonhalgh,Ms,Universidad Mariana,dfeatherstonhalghdu@un.org
500,Brandy,Rickhuss,Rev,Institut d'Etudes Politiques de Paris (Sciences Po),brickhussdv@gmpg.org
501,Eva,Jago,Mr,Istanbul Kultur University,ejagodw@sciencedirect.com
502,Reggy,Eede,Rev,Western State University College of Law,reededx@rambler.ru
503,Emiline,Whichelow,Honorable,"COMSATS Institute of Information Technology, Wah",ewhichelowdy@cnn.com
504,Maxim,McTerry,Mr,Lagrange College,mmcterrydz@skype.com
505,Lyndy,Scambler,Mrs,University Institute of Naval Studies,lscamblere0@discuz.net
506,Bertrand,MacCarter,Ms,Sylhet Engineering College,bmaccartere1@latimes.com
507,Lyn,MacClure,Mrs,KASB Institute of Technology,lmaccluree2@amazonaws.com
508,Nessy,Vooght,Honorable,"University of the West Indies, Cave Hill",nvooghte3@hud.gov
509,Libbey,Eyckel,Ms,Bergische Universität Gesamthochschule Wuppertal,leyckele4@sina.com.cn
510,Celie,Edney,Ms,International University Institute of Luxembourg,cedneye5@blog.com
511,Kinna,Doudney,Ms,St. Bernard's Institute,kdoudneye6@vistaprint.com
512,Dorree,Mattys,Dr,King Faisal University,dmattyse7@hostgator.com
513,Sondra,Benns,Honorable,Floret Global University,sbennse8@shinystat.com
514,Fidole,Davidowich,Dr,Academy of Arts,fdavidowiche9@discovery.com
515,Ruperto,Prince,Ms,"Islamic Azad University, Mehriz",rprinceea@chron.com
516,Benedicta,Tubble,Dr,Bastyr University,btubbleeb@princeton.edu
517,Felita,Breissan,Honorable,Fairmont State College,fbreissanec@japanpost.jp
518,Jarrid,Inkin,Rev,Universiti Kebangsaan Malaysia,jinkined@ow.ly
519,Pavla,Hesbrook,Honorable,Ivanovo State University,phesbrookee@time.com
520,Viviana,Lints,Mrs,"Universidad Laica ""Eloy Alfaro"" de Manabi",vlintsef@mit.edu
521,Roda,Ambrogiotti,Mrs,Örebro University,rambrogiottieg@wsj.com
522,Carolus,Charle,Honorable,Nagoya Economics University,ccharleeh@princeton.edu
523,Amil,Lysaght,Rev,Ecole Nationale Supérieure de Physique de Marseille,alysaghtei@w3.org
524,Thorin,Hickinbottom,Rev,Toyama Prefectural University,thickinbottomej@clickbank.net
525,Lanie,Colvin,Rev,Research College of Nursing - Rockhurst University,lcolvinek@umich.edu
526,Priscella,Valois,Dr,Instituto de Enseñanza Superior del Ejército,pvaloisel@va.gov
527,Ellswerth,Ikin,Mrs,Lithuania Christian College,eikinem@altervista.org
528,Therese,Plessing,Honorable,"Hochschule Wismar, Fachhochschule für Technik, Wirtschaft und Gestaltung",tplessingen@mapquest.com
529,Dorthy,Gilburt,Mr,Adama Science and Technology University,dgilburteo@tinypic.com
530,Lotty,Morehall,Rev,Anglo-American University,lmorehallep@gnu.org
531,Burr,Clayson,Dr,Jilin University,bclaysoneq@ustream.tv
532,Evangelin,Schooley,Honorable,Universitas Ibn Chaldun Jakarta,eschooleyer@diigo.com
533,Silvie,Trimble,Honorable,Loyola University New Orleans,strimblees@pcworld.com
534,Pearla,Strafford,Mr,Karelian State Pedagogical University,pstraffordet@canalblog.com
535,Sinclair,Mellers,Mrs,University of the Thai Chamber of Commerce,smellerseu@nymag.com
536,Celeste,Rosenfelder,Rev,Universität für angewandte Kunst Wien,crosenfelderev@photobucket.com
537,Carny,Murrow,Rev,Livingstone College,cmurrowew@hibu.com
538,Feliza,Bruntjen,Honorable,"Academy of International Economic and Political Relations, Gdynia",fbruntjenex@canalblog.com
539,Ives,Bradburne,Ms,Yeditepe University,ibradburneey@vinaora.com
540,Mariquilla,Bambery,Ms,Huaihua Medical College,mbamberyez@ucla.edu
541,Sid,Kempshall,Mrs,Arizona Christian University,skempshallf0@japanpost.jp
542,Melisent,Mapam,Mrs,Andrassy Gyula German Speaking University Budapest,mmapamf1@narod.ru
543,Emmet,Laurenty,Honorable,Freie Universität Berlin,elaurentyf2@twitpic.com
544,Kristien,Fend,Dr,European University of Lefke,kfendf3@theatlantic.com
545,Elbertine,Rive,Honorable,Université de Mostaganem,erivef4@tmall.com
546,Isabella,Plail,Mr,Warner Pacific College,iplailf5@vimeo.com
547,Abbye,Maxfield,Mr,Ecole Nationale Vétérinaire de Lyon,amaxfieldf6@cargocollective.com
548,Carlyle,Haet,Dr,University of Medicine and Pharmacy of Timisoara,chaetf7@mayoclinic.com
549,Jori,Meininking,Dr,Tarlac State University,jmeininkingf8@nsw.gov.au
550,Jody,Tolotti,Ms,Bryan College,jtolottif9@microsoft.com
551,Carey,Fenna,Honorable,California Baptist College,cfennafa@ftc.gov
552,Giffy,Brownsett,Mrs,Hanoi Open University,gbrownsettfb@stumbleupon.com
553,Hughie,Jan,Mr,Université de Bretagne Occidentale,hjanfc@exblog.jp
554,Morganica,O'Leagham,Mrs,Alain University of Science and Technology,moleaghamfd@stanford.edu
555,Aguistin,Lankham,Dr,Universidad Metropolitana,alankhamfe@nature.com
556,Ossie,Tolossi,Dr,Centro Universitário Barao de Maua,otolossiff@w3.org
557,Eileen,Toft,Rev,University of Commerce Luigi Bocconi,etoftfg@jiathis.com
558,Zeb,Arnal,Rev,Ashiya University,zarnalfh@twitter.com
559,Justinian,Crutcher,Ms,Universidad Tecnológica de México,jcrutcherfi@technorati.com
560,Marsh,Atterbury,Mr,Western State University College of Law,matterburyfj@trellian.com
561,Inessa,Sivills,Ms,Ecole Nationale Superieure d'Informatique et de Mathematiques Appliquees de Grenoble,isivillsfk@geocities.jp
562,Myca,Olczyk,Dr,Frank Lloyd Wright School of Architecture,molczykfl@reddit.com
563,Salvador,Valentetti,Ms,Ecole Supérieure de Commerce de Paris,svalentettifm@youtube.com
564,Consuela,Parry,Honorable,Universitas Muhammadiyah Mataram,cparryfn@unblog.fr
565,Bianca,Bartlett,Mr,Pennsylvania State University - Lehigh Valley,bbartlettfo@marriott.com
566,Haze,Ramirez,Honorable,Nile Valley University,hramirezfp@forbes.com
567,Albertine,Camel,Honorable,"Washington State University, Tri-Cities",acamelfq@sun.com
568,Marylee,Cuffe,Mr,"City University of New York, New York City Technical College",mcuffefr@flavors.me
569,Addi,Swarbrigg,Honorable,Université Cadi Ayyad,aswarbriggfs@uol.com.br
570,Janeta,Linebarger,Honorable,Khon Kaen University,jlinebargerft@google.co.uk
571,Tatiania,Faulds,Mr,Universidad Metropolitana,tfauldsfu@shop-pro.jp
572,Forester,Postill,Mrs,Yamanashi University,fpostillfv@photobucket.com
573,Benji,Hawker,Honorable,Sukhothai Thammathirat Open University,bhawkerfw@nih.gov
574,Gustie,Buttress,Mr,Adygeja State University,gbuttressfx@addtoany.com
575,Claudio,Cherrie,Mr,National Academy of Fine Arts,ccherriefy@samsung.com
576,Zollie,Harnor,Ms,State University of Aerospace Technologies,zharnorfz@patch.com
577,Yoshi,Strode,Mr,Free University of Tbilisi,ystrodeg0@twitter.com
578,Kyle,Ashpital,Dr,Sadjad Institute of Technology,kashpitalg1@free.fr
579,Gerry,Frankcombe,Rev,Veterinärmedizinische Universität Wien,gfrankcombeg2@webeden.co.uk
580,Vinnie,Lerven,Mr,Hogeschool van Amsterdam,vlerveng3@uiuc.edu
581,Storm,Mussett,Honorable,Fachhochschule Lippe,smussettg4@wikipedia.org
582,Skipton,Gammett,Dr,"St. Francis College, Loretto",sgammettg5@163.com
583,Burl,Batiste,Dr,People' s Friendship University of Russia,bbatisteg6@uol.com.br
584,Avrit,Fessler,Dr,Yaroslavl State Technical University,afesslerg7@a8.net
585,Yardley,Ropp,Mr,National Kaohsiung First University of Science and Technology,yroppg8@myspace.com
586,Ram,Vanner,Ms,Universidad Técnica de Babahoyo,rvannerg9@topsy.com
587,Brier,Arndt,Ms,Metropolitan State University,barndtga@tinypic.com
588,Joice,Tinn,Mrs,"Arizona State University, Polytechnic Campus",jtinngb@hubpages.com
589,Rhett,Attaway,Rev,Halla University,rattawaygc@free.fr
590,Johanna,Mousby,Honorable,Ave Maria University,jmousbygd@ucoz.com
591,Lizbeth,Diprose,Honorable,Concordia University College of Alberta,ldiprosege@mail.ru
592,Dalston,Beaston,Dr,Hiroshima Women's University,dbeastongf@uiuc.edu
593,Vivi,Berrow,Mr,Odessa National I.I. Mecnikov University,vberrowgg@amazon.de
594,Vida,Woollons,Honorable,University of East,vwoollonsgh@joomla.org
595,Somerset,Larmour,Mrs,Universidad Motolinía del Pedregal,slarmourgi@vistaprint.com
596,Harley,Jeannet,Dr,"Heythrop College, University of London",hjeannetgj@prweb.com
597,Katharine,Wyper,Mrs,Khazar University,kwypergk@npr.org
598,Reggi,Snodden,Honorable,Dordt College,rsnoddengl@addthis.com
599,Luigi,Oldershaw,Dr,Koka Women's College,loldershawgm@usatoday.com
600,Bailie,Bostick,Mr,"California State University, Dominguez Hills",bbostickgn@ustream.tv
601,Simone,Kelleway,Rev,Yaroslavl State Theatre Institute,skellewaygo@zimbio.com
602,Brit,McGowan,Mrs,Holar University College,bmcgowangp@constantcontact.com
603,Sawyere,Dottridge,Dr,Technological Education Institute of Lamia,sdottridgegq@dagondesign.com
604,Gussy,Lorkings,Mr,Badakhshan University,glorkingsgr@nhs.uk
605,Rhoda,Durtnell,Dr,Siberian State University of Telecommunications and Informatics,rdurtnellgs@slate.com
606,Shell,McGlade,Dr,University of South Carolina - Spartanburg,smcgladegt@live.com
607,Simonette,Carle,Honorable,Universidade Portucalense Infante D. Henrique,scarlegu@blogtalkradio.com
608,Byram,McFie,Dr,University of Kashmir,bmcfiegv@furl.net
609,Waldemar,Frowde,Ms,Kwangju University,wfrowdegw@seattletimes.com
610,Lee,Krauze,Ms,Textile Institute of Pakistan,lkrauzegx@addtoany.com
611,Nerti,Whistan,Rev,Miyagi Gakuin Women's College,nwhistangy@addthis.com
612,Lacy,Purchon,Rev,"Fachhochschule Heilbronn, Hochschule für Technik und Wirtschaft",lpurchongz@yandex.ru
613,Jemie,Nardrup,Honorable,Thomas More College of Liberal Arts,jnardruph0@youtu.be
614,Guenevere,Downey,Mr,Kitami Institute of Technology,gdowneyh1@cpanel.net
615,Lillis,Rappa,Dr,Baghdad College of Pharmacy,lrappah2@twitter.com
616,Mozelle,McKmurrie,Dr,Hiroshima International University,mmckmurrieh3@hubpages.com
617,Gordy,Rolance,Ms,Colorado School of Mines,grolanceh4@ovh.net
618,Gallagher,St. Quentin,Rev,Volga State Academy of Water Transport,gstquentinh5@multiply.com
619,Cindelyn,Skitral,Mr,Universidade Independente de Angola,cskitralh6@google.nl
620,Ardith,Ramsby,Rev,EarthNet Institute,aramsbyh7@sohu.com
621,Haleigh,Wallworke,Ms,Stavropol State University,hwallworkeh8@oakley.com
622,Shanna,Searson,Dr,Okanagan University College,ssearsonh9@ning.com
623,Tobie,Spradbrow,Rev,Universidade Federal de Santa Catarina,tspradbrowha@technorati.com
624,Wren,Wiggins,Mrs,Al Ghurair University,wwigginshb@odnoklassniki.ru
625,Cobbie,Jaggar,Rev,Qinghai Normal University,cjaggarhc@intel.com
626,Harley,Pidler,Mrs,Universidad Pública de Navarra,hpidlerhd@plala.or.jp
627,Samuel,Jeannon,Honorable,Tiffin University,sjeannonhe@livejournal.com
628,Duffy,Dunster,Rev,Metropolitan State College of Denver,ddunsterhf@marketwatch.com
629,Perrine,Shorter,Ms,Sterlitamak State Pedagogical Institute,pshorterhg@walmart.com
630,Jasmina,Eddisforth,Ms,Keller Graduate School of Management,jeddisforthhh@cbslocal.com
631,Vivyan,Geaves,Ms,East-Siberian State University of Technology,vgeaveshi@shinystat.com
632,Latia,Stonbridge,Rev,University of Agriculture and Veterinary Medicine Timisoara,lstonbridgehj@webmd.com
633,Berni,Gavey,Mrs,Universidad del Mayab,bgaveyhk@artisteer.com
634,Dot,Ridder,Honorable,Ecole Superieure des Télécommunications,dridderhl@diigo.com
635,Annnora,Barhams,Dr,Kabarak University,abarhamshm@tinypic.com
636,Frankie,Rissom,Ms,B. R. Ambedkar Bihar University,frissomhn@shinystat.com
637,Mercedes,Koppelmann,Ms,Hainan Normal University,mkoppelmannho@google.com
638,Grove,Ferraresi,Mr,Dr. Babasaheb Ambedkar Marathwada Universtiy,gferraresihp@jalbum.net
639,Lucilia,Minnis,Mr,Angelo State University,lminnishq@ihg.com
640,Wendie,Colvill,Mrs,St. Mary's College of California,wcolvillhr@spotify.com
641,Leyla,Mather,Mrs,Taoist College Singapore,lmatherhs@umich.edu
642,Budd,Kuhnke,Honorable,Dalian Polytechnic University,bkuhnkeht@free.fr
643,Chicky,Ayer,Honorable,University of Saskatchewan,cayerhu@wunderground.com
644,Debbi,Gocher,Ms,Shandong University of Art and Design,dgocherhv@geocities.jp
645,Halie,Daly,Honorable,Shiraz University of Technology,hdalyhw@usda.gov
646,Andie,Hazelhurst,Mr,Université Julius Nyerere Kankan,ahazelhursthx@princeton.edu
647,Lolly,Cocking,Honorable,Instituto Superior de Ciências do Trabalho e da Empresa,lcockinghy@twitter.com
648,Wadsworth,Brewin,Ms,Tibet Agricultural and Animal Husbandry College,wbrewinhz@nature.com
649,Gabe,Parzizek,Rev,Université de Tunis El Manar,gparzizeki0@elegantthemes.com
650,Neill,Tremathick,Dr,Universidad Nacional Siglo XX Llallagua,ntremathicki1@bbb.org
651,Dix,Enticott,Rev,Trinity Bible College,denticotti2@pagesperso-orange.fr
652,Avril,Ralling,Mrs,Universidade Lusófona de Humanidades e Technologias,arallingi3@nhs.uk
653,Ashla,Edelheit,Mr,Magadh University,aedelheiti4@state.gov
654,Johnny,Vernazza,Honorable,"University of Wales, Lampeter",jvernazzai5@gov.uk
655,Patten,Hewson,Honorable,Wadi International University,phewsoni6@businessinsider.com
656,Lark,Piser,Honorable,Texas Christian University,lpiseri7@facebook.com
657,Cherise,Tedstone,Honorable,Ummah University,ctedstonei8@squarespace.com
658,Wilmette,Pincott,Mr,Plymouth State College,wpincotti9@hexun.com
659,Irita,Seabright,Rev,"Fairleigh Dickinson University, Teaneck-Hackensack Campus",iseabrightia@ted.com
660,Mitzi,Kepe,Dr,International Business School of Scandinavia,mkepeib@boston.com
661,Yule,Olphert,Mr,University of Maryland at College Park,yolphertic@sohu.com
662,Alena,Georghiou,Mrs,Universität Kassel,ageorghiouid@baidu.com
663,Lucio,Dudleston,Rev,Utrecht University,ldudlestonie@independent.co.uk
664,Cindy,Bernhart,Ms,East Carolina University,cbernhartif@house.gov
665,Celestina,Lis,Ms,Astrakhan State University,clisig@yolasite.com
666,Lyman,Nix,Mr,"University of California, San Francisco",lnixih@theatlantic.com
667,Muffin,Doole,Rev,Bulacan State University,mdooleii@dailymail.co.uk
668,Tisha,Waylett,Dr,American InterContinental University - Ft. Lauderdale,twaylettij@biblegateway.com
669,Lyndsie,Verick,Honorable,"Universidad de Puerto Rico, Cayey",lverickik@ucoz.com
670,Peder,Peatman,Mr,University of South Carolina - Aiken,ppeatmanil@newsvine.com
671,Neila,Ceaser,Mrs,Universidad Regiomontana,nceaserim@macromedia.com
672,Angelle,Jirik,Rev,Ohio University - Eastern,ajirikin@ebay.com
673,Hermon,Kittiman,Dr,Northern Alberta Institute of Technology,hkittimanio@linkedin.com
674,Trude,Soeiro,Mr,Universidade de Franca,tsoeiroip@reference.com
675,Esteban,Lukacs,Honorable,American Film Institute Center for Advanced Film and Television Studies,elukacsiq@wired.com
676,Rockwell,Francioli,Rev,"Universidad Centroamericana ""José Simeón Canas""",rfrancioliir@cloudflare.com
677,Johnathan,Anslow,Ms,University College of Gävle,janslowis@flickr.com
678,Esta,Hampe,Mrs,National Taras Shevchenko University of Kiev,ehampeit@spotify.com
679,Anthea,Wescott,Mrs,University of Western Sydney,awescottiu@wisc.edu
680,Pepe,Morling,Mrs,Kendall College of Art and Design,pmorlingiv@yolasite.com
681,Flor,Walden,Ms,"City University of New York, Hunter College",fwaldeniw@loc.gov
682,Batholomew,Scatcher,Ms,Barat College,bscatcherix@dot.gov
683,Esdras,Tamburo,Mrs,Technological University (Loikaw),etamburoiy@constantcontact.com
684,Abran,Wanka,Rev,Monterey Institute of International Studies,awankaiz@bizjournals.com
685,Zenia,Thornebarrow,Ms,Pomor State University,zthornebarrowj0@taobao.com
686,Maximilian,Du Hamel,Rev,Universidade Castelo Branco,mduhamelj1@bluehost.com
687,Sibel,Le Fevre,Mrs,Adler School of Professional Psychology,slefevrej2@exblog.jp
688,Marylou,Armiger,Ms,University of Commerce Luigi Bocconi,marmigerj3@uiuc.edu
689,Fleur,Keitley,Mrs,Baker College of Auburn Hills,fkeitleyj4@networkadvertising.org
690,Nancey,Franke,Dr,Tomsk State University,nfrankej5@zimbio.com
691,Trudie,Klimt,Mr,University of Nicosia,tklimtj6@liveinternet.ru
692,Maggie,Churchill,Mr,Fachhochschule Jena,mchurchillj7@spotify.com
693,Lanie,Shovlin,Ms,Assumption College,lshovlinj8@yellowbook.com
694,Margret,Dye,Mr,Ittihad University,mdyej9@skype.com
695,Dyanna,Stangoe,Mr,4th Military Medical University,dstangoeja@people.com.cn
696,Phedra,Irdale,Ms,Midwestern State University,pirdalejb@domainmarket.com
697,Anissa,Seeger,Ms,Medical University of Sofia,aseegerjc@scientificamerican.com
698,Kalil,De Cristoforo,Dr,Universidad de Guayaquil,kdecristoforojd@behance.net
699,Ginger,Melin,Rev,Business and Hotel Management School,gmelinje@mtv.com
700,Cassandre,Terrans,Mrs,Ilsa Independent College,cterransjf@myspace.com
701,Imelda,Hamblington,Honorable,Universidad de Piura,ihamblingtonjg@xing.com
702,Hortense,Arch,Honorable,Dr. Babasaheb Ambedkar Marathwada Universtiy,harchjh@hhs.gov
703,Blithe,Snoxall,Mr,Siauliai University,bsnoxallji@cisco.com
704,Buiron,Campione,Ms,University of Aviation and Technology,bcampionejj@yahoo.com
705,Madeline,Oven,Honorable,Jomo Kenyatta University of Agriculture and Technology,movenjk@wp.com
706,Milzie,Brahan,Rev,University of Brighton,mbrahanjl@wikispaces.com
707,Hildegaard,Leaver,Rev,Universidade Federal de Pelotas,hleaverjm@flavors.me
708,Kellby,Davley,Rev,Newschool of Architecture and Design,kdavleyjn@dropbox.com
709,Pammi,Dodswell,Ms,Université de Toamasina,pdodswelljo@4shared.com
710,Cesya,Chitham,Honorable,Universidad Centroamericana,cchithamjp@storify.com
711,Evangelina,Trustram,Rev,University of Nebraska - Lincoln,etrustramjq@joomla.org
712,Gothart,Wyon,Mrs,"Universidad Interamericana de Puerto Rico, Bayamón",gwyonjr@house.gov
713,Kalinda,Prestwich,Ms,Lithunian Institute of Physical Education,kprestwichjs@cpanel.net
714,Gram,Kerford,Rev,Universiti Malaysia Sarawak,gkerfordjt@privacy.gov.au
715,Franky,Attenbrow,Honorable,Kampala International University,fattenbrowju@vinaora.com
716,Rafaellle,Herculson,Ms,Universidad Santo Tomás,rherculsonjv@quantcast.com
717,Dory,McClelland,Dr,Adamson University,dmcclellandjw@harvard.edu
718,Carry,Furze,Rev,Chuka University,cfurzejx@statcounter.com
719,Maurie,Kenningham,Honorable,Rajitlal Institute of Technology & Health Sciences (RITHS),mkenninghamjy@wix.com
720,Cleopatra,Orts,Mr,University of Nebraska (System),cortsjz@w3.org
721,Whitney,Jacqueminet,Honorable,"Schiller International University, Heidelberg",wjacqueminetk0@ocn.ne.jp
722,Tripp,Brumfitt,Mr,King Khaled University,tbrumfittk1@skyrock.com
723,Alva,Akerman,Mrs,University of Durham,aakermank2@ovh.net
724,Pearla,Kubek,Rev,Kwangwoon University,pkubekk3@arstechnica.com
725,Adair,Kencott,Ms,University of NorthWest,akencottk4@si.edu
726,Gherardo,Bayne,Mrs,Universitas Mahendradatta,gbaynek5@chronoengine.com
727,Barrie,L'Episcopi,Rev,Nagoya University,blepiscopik6@globo.com
728,Kele,Nibley,Mr,Universidade Federal de Minas Gerais,knibleyk7@answers.com
729,Claudette,Crielly,Mr,Oslo School of Architecture,ccriellyk8@about.me
730,Ellen,Eaves,Rev,University of Lecce,eeavesk9@vimeo.com
731,Sebastien,Pletts,Honorable,Nippon Sport Science University,splettska@tuttocitta.it
732,Andres,Kienlein,Ms,Universidad Autónoma de Campeche,akienleinkb@auda.org.au
733,Theresina,Wollaston,Honorable,Guangxi University,twollastonkc@tmall.com
734,Molly,Storer,Mr,Zimbabwe Ezekiel Guti University,mstorerkd@joomla.org
735,Kerrin,Hayer,Mr,Qom University of Technology,khayerke@godaddy.com
736,Darius,Copeman,Mrs,Tashkent Medical Academy,dcopemankf@nba.com
737,Boris,Botham,Dr,Kostroma State Technological University,bbothamkg@parallels.com
738,Rhoda,McGrale,Rev,RKDF University,rmcgralekh@shutterfly.com
739,Peggy,Maccrae,Ms,University of Regina Carmeli,pmaccraeki@google.ru
740,Lelah,Mitten,Dr,University Oil- Gas Ploiesti,lmittenkj@lycos.com
741,Brigida,Vaines,Mr,Philippine Military Academy,bvaineskk@instagram.com
742,Silvana,Itter,Ms,Aalborg University,sitterkl@dagondesign.com
743,Sylas,Sempill,Dr,Universidade do Estado do Rio Grande do Norte,ssempillkm@stanford.edu
744,Charis,Radley,Mrs,Presidency University,cradleykn@typepad.com
745,Amalie,Hardwin,Dr,Centro Universitário Adventista de São Paulo,ahardwinko@ft.com
746,Annmarie,Beininck,Ms,"Universidad Distral ""Francisco José de Caldas""",abeininckkp@shutterfly.com
747,Conrad,Baggs,Ms,"University of Vlora ""Ismail Qemali""",cbaggskq@g.co
748,Frants,Powton,Ms,North West Frontier Province Agricultural University,fpowtonkr@hibu.com
749,Nadeen,Reade,Mrs,Oriental University,nreadeks@oaic.gov.au
750,Ricoriki,McFeat,Mrs,"National Institute of Technology, Calicut",rmcfeatkt@chicagotribune.com
751,Veradis,McDougall,Honorable,Hodges University,vmcdougallku@cocolog-nifty.com
752,Paulina,Mudie,Honorable,Universidad Nacional de Educación Enrique Guzmán y Valle,pmudiekv@nymag.com
753,Kylie,Arnald,Mr,Oman College Of Management & Technology,karnaldkw@desdev.cn
754,Kass,Chantree,Ms,Tarleton State University,kchantreekx@addtoany.com
755,Pooh,Martelet,Mrs,"International Islamic University, Islamabad",pmarteletky@about.me
756,Forrest,Biss,Ms,Universidad Bernardo O'Higgins,fbisskz@zimbio.com
757,Mellisa,Gadson,Mrs,Tyumen State University,mgadsonl0@gizmodo.com
758,Kristi,Domanek,Mrs,Sam Houston State University,kdomanekl1@addthis.com
759,Sanson,Gannicott,Honorable,Barkatullah University,sgannicottl2@cnet.com
760,Colet,Grice,Honorable,Medical University of Sofia,cgricel3@reuters.com
761,Robina,Mundy,Mrs,Universidad de Los Andes,rmundyl4@sun.com
762,Charmaine,O' Borne,Honorable,Osaka College of Music,cobornel5@artisteer.com
763,Ginny,Stormonth,Mr,Binus University,gstormonthl6@quantcast.com
764,Augusta,Cancellario,Mr,Birla Institute of Technology and Science,acancellariol7@bizjournals.com
765,Patsy,Ravenscroftt,Honorable,Maritime University Constanta,pravenscrofttl8@netscape.com
766,Annice,Pignon,Rev,Biju Pattnaik University of Technology,apignonl9@aol.com
767,Corissa,Di Carlo,Honorable,"Hidayatullah National Law University, Raipur",cdicarlola@mac.com
768,Mehetabel,Risebarer,Rev,Universidad Tecnológica San Antonio de Machala,mrisebarerlb@nsw.gov.au
769,Maddy,Crollman,Ms,Fachhochschulstudiengänge Wels,mcrollmanlc@histats.com
770,Crosby,Payton,Mrs,Plymouth State College,cpaytonld@bravesites.com
771,Trip,Hay,Dr,Fachhochschule Wiesbaden,thayle@reverbnation.com
772,Theobald,Coulthard,Dr,Instituto Tecnológico y de Estudios Superiores de Monterrey (ITESM),tcoulthardlf@1688.com
773,Casper,Frichley,Dr,Mills College,cfrichleylg@printfriendly.com
774,Petey,Caldecot,Mrs,Universidade Federal de Roraima,pcaldecotlh@yellowpages.com
775,Cherilynn,Minard,Mr,Ecole Nationale d'Ingénieurs de Saint-Etienne,cminardli@about.me
776,Clementine,Gilhool,Dr,Dalhousie University,cgilhoollj@prnewswire.com
777,Brear,Lerway,Rev,Universidad de Cuautitlan Izcalli,blerwaylk@businessweek.com
778,Mal,Sherreard,Rev,Badakhshan University,msherreardll@flavors.me
779,Levin,Stickens,Rev,Jigjiga University,lstickenslm@mediafire.com
780,Tammi,Dunkley,Honorable,Southern Arkansas University,tdunkleyln@odnoklassniki.ru
781,Noak,Waple,Dr,State University of New York College at Plattsburgh,nwaplelo@creativecommons.org
782,Brade,Cortin,Ms,"Anna University of Technology, Tirunelveli",bcortinlp@cnn.com
783,Cecil,Rennolds,Mr,Inchon National University of Education,crennoldslq@foxnews.com
784,Raimondo,Isacsson,Ms,"University of California, Irvine",risacssonlr@so-net.ne.jp
785,Carlita,Braxay,Ms,"Concordia University, Mequon",cbraxayls@chicagotribune.com
786,Roxi,Bonaire,Honorable,Roosevelt University,rbonairelt@jiathis.com
787,Lothario,Ray,Mrs,Université de Franche-Comté,lraylu@china.com.cn
788,Sibby,Cavolini,Rev,Marmara University,scavolinilv@forbes.com
789,Aurora,Taggett,Mr,Dnepropetrovsk National University of Railway Transport,ataggettlw@cmu.edu
790,Jocelyn,Gavin,Dr,"Long Island University, Southampton College",jgavinlx@census.gov
791,Regen,Setchell,Rev,Universidad de la República,rsetchellly@globo.com
792,Julita,Hunte,Mrs,University of Veterinary Medicine in Kosice,jhuntelz@berkeley.edu
793,Xena,Belcham,Mr,Karnatak University,xbelchamm0@wikispaces.com
794,Rey,Van der Brugge,Mr,Universidad Autónoma de San Luis Potosí,rvanderbruggem1@youku.com
795,Walton,Beacroft,Honorable,Vilnius University,wbeacroftm2@blog.com
796,Sissie,While,Mrs,Universidade Metodista de Angola,swhilem3@bloglines.com
797,Bevvy,Tumulty,Dr,Tongji University,btumultym4@quantcast.com
798,Minnie,Franzonetti,Dr,Nagoya College of Music,mfranzonettim5@biglobe.ne.jp
799,Janine,Cavanagh,Ms,University of Rijeka,jcavanaghm6@mtv.com
800,Francoise,Balsellie,Mr,Tomsk State University of Architecture and Building,fbalselliem7@jalbum.net
801,Benyamin,Guidera,Mrs,Université Gaston Berger Saint-Louis,bguideram8@wordpress.org
802,Thorpe,Stronge,Honorable,Belarussian State Agricultural Academy,tstrongem9@wp.com
803,Linet,Smeeth,Ms,"Islamic Azad University, Boukan",lsmeethma@cnbc.com
804,Bessy,Beatens,Rev,University of Technology Phnom Penh,bbeatensmb@de.vu
805,Gianina,Waltering,Rev,University of Massachusetts Medical Center at Worcester,gwalteringmc@tiny.cc
806,Lind,Rayne,Mr,NTB Interstate University of Applied Sciences of Technology,lraynemd@myspace.com
807,Bordy,Biasioli,Mrs,Western Oregon University,bbiasiolime@jigsy.com
808,Jami,Smellie,Mrs,University of Sargodha,jsmelliemf@washingtonpost.com
809,Walther,Starie,Rev,Universidad Andina Simón Bolivar,wstariemg@skyrock.com
810,Grannie,McSkeagan,Mrs,Universität Linz,gmcskeaganmh@tuttocitta.it
811,Berke,Tompkiss,Rev,Technische Fachhochschule Wildau,btompkissmi@ocn.ne.jp
812,Nathanial,Murrhaupt,Rev,University of North Carolina at Asheville,nmurrhauptmj@bigcartel.com
813,Joceline,Struttman,Rev,Memorial University of Newfoundland,jstruttmanmk@mlb.com
814,Gasper,Sorby,Ms,Toyama University,gsorbyml@dyndns.org
815,Elsworth,Cheetham,Ms,Universiti Teknikal Malaysia Melaka,echeethammm@constantcontact.com
816,Cheryl,Thormann,Ms,Latvian Academy of Music,cthormannmn@51.la
817,Neysa,Eagles,Honorable,"National Chung Hsing University, Taichung",neaglesmo@bravesites.com
818,Mariel,Rylett,Honorable,Sang Myung University,mrylettmp@irs.gov
819,Jobie,Elmer,Honorable,Fachhochschule Hof,jelmermq@meetup.com
820,Elmore,O'Duilleain,Mr,State University of New York College at Potsdam,eoduilleainmr@vkontakte.ru
821,Faun,Baradel,Ms,Hokkaido University of Health Sciences,fbaradelms@stumbleupon.com
822,Buddie,Sprigings,Rev,Crimea State Medical University,bsprigingsmt@weebly.com
823,Philomena,Endricci,Mr,Guangzhou Normal University,pendriccimu@google.com.hk
824,Meredithe,Piotrkowski,Rev,Hebei University,mpiotrkowskimv@4shared.com
825,Annabel,Hackworth,Dr,Truman College,ahackworthmw@newsvine.com
826,Louise,Cochran,Mr,International Theravada Buddhist Missionary University,lcochranmx@qq.com
827,Banky,Allam,Dr,Sungshin Women's University,ballammy@nature.com
828,Frasquito,Tamsett,Ms,"Universidad Catolica ""Redemptoris Mater""",ftamsettmz@springer.com
829,Cassi,Bolwell,Rev,Université de la Reunion,cbolwelln0@geocities.jp
830,Bartholomeus,Pentlow,Rev,Suffolk University,bpentlown1@1688.com
831,Joanna,Santoro,Rev,Universidad Católica de Santa Fé,jsantoron2@sphinn.com
832,William,Burras,Mrs,University of Hawaii - Manoa,wburrasn3@networksolutions.com
833,Nikita,Crut,Rev,Indira Gandhi National Open University,ncrutn4@apple.com
834,Prudence,Baldacco,Mr,Chelsea College of Art and Design,pbaldaccon5@cnbc.com
835,Seline,Gillinghams,Honorable,Singhania University Rajasthan,sgillinghamsn6@spiegel.de
836,Loni,Andrewartha,Honorable,Rangsit University,landrewarthan7@ucoz.com
837,Cyrille,Ceci,Honorable,New Mexico Institute of Mining and Technology,ccecin8@bbb.org
838,Jennee,Scone,Honorable,St. Petersburg State University of Culture and Arts,jsconen9@simplemachines.org
839,Vinny,Aspden,Rev,Shri Jagannath Sanskrit University,vaspdenna@multiply.com
840,Dora,McChesney,Honorable,Evangelische Fachhochschule Ludwigshafen Hochschule für Sozial- und Gesundheitswesen,dmcchesneynb@seesaa.net
841,Chic,Wase,Mrs,Kagoshima University,cwasenc@sciencedirect.com
842,Duffie,Egalton,Mr,Northwestern College St. Paul,degaltonnd@bluehost.com
843,Cullan,Buyers,Honorable,Samara State University of Teacher Training,cbuyersne@pinterest.com
844,Ethelyn,McKissack,Mrs,Martin-Luther Universität Halle-Wittenberg,emckissacknf@4shared.com
845,Noble,Sorsbie,Mr,Universidad Alberto Hurtado,nsorsbieng@xing.com
846,Laurel,Robeson,Honorable,Viterbo College,lrobesonnh@walmart.com
847,Ron,Beardsworth,Mrs,Australian Defence Force Academy,rbeardsworthni@dailymotion.com
848,Humberto,Macguire,Honorable,University of Helsinki,hmacguirenj@drupal.org
849,Thor,Deegin,Rev,University of Ballarat,tdeeginnk@myspace.com
850,Valry,Muspratt,Mrs,Taeshin Christian University,vmusprattnl@si.edu
851,Vidovik,Penton,Rev,"Indian Institute of Technology, Delhi",vpentonnm@skype.com
852,Murdoch,Ruffey,Ms,Université d'Artois,mruffeynn@blogs.com
853,Moe,Center,Rev,University of Medicine and Dentistry of New Jersey,mcenterno@howstuffworks.com
854,Bayard,Rubertis,Mrs,University of Ljubljana,brubertisnp@cyberchimps.com
855,Phineas,Drake,Ms,Emporia State University,pdrakenq@goo.gl
856,Marguerite,Katt,Mr,Universidad Industrial de Santander,mkattnr@com.com
857,Iosep,Gennrich,Mrs,Kitasato University,igennrichns@sciencedaily.com
858,Jeremiah,Bernet,Ms,Armenian State University of Economics,jbernetnt@canalblog.com
859,Moina,Clover,Ms,St. Paul's College,mclovernu@yolasite.com
860,Lisabeth,Berrygun,Honorable,Kingston College,lberrygunnv@rambler.ru
861,Andros,Szimon,Rev,Baldwin-Wallace College,aszimonnw@home.pl
862,Sydney,Whiskerd,Ms,Mississippi College,swhiskerdnx@jiathis.com
863,Burgess,Paskins,Honorable,Royal lnstitute of Technology,bpaskinsny@ox.ac.uk
864,Katerine,Macieiczyk,Honorable,King Abdul Aziz University,kmacieiczyknz@bandcamp.com
865,Felicia,Ding,Ms,Thomas Aquinas College,fdingo0@sourceforge.net
866,Cherice,Trott,Ms,London Institute of Management and Technology,ctrotto1@gravatar.com
867,Jenifer,Veness,Mrs,Naruto University of Education,jvenesso2@dot.gov
868,Aloisia,Ogborne,Mr,Qufu Normal University,aogborneo3@tmall.com
869,Talbot,Janes,Mr,Instituto Superior de Tecnologias Avançadas - ISTEC,tjaneso4@ovh.net
870,Arlana,Abelson,Ms,College of DuPage,aabelsono5@google.cn
871,Dee,Mallabund,Mrs,"Institute of Teachers Education, Tuanku Bainun",dmallabundo6@myspace.com
872,Sydel,Climance,Rev,Technion - Israel Institute of Technology,sclimanceo7@intel.com
873,Lauretta,Backshaw,Rev,Sanjay Gandhi Postgraduate lnstitute of Medical Sciences,lbackshawo8@trellian.com
874,Guglielmo,Dignall,Mrs,Universidad Austral de Chile,gdignallo9@tinyurl.com
875,Addy,Raatz,Ms,University of Silesia,araatzoa@seattletimes.com
876,Neils,Buggs,Rev,University of Science & Technology Bannu,nbuggsob@infoseek.co.jp
877,Cahra,MacFaul,Ms,University of Dallas,cmacfauloc@boston.com
878,Joyan,Kingsnod,Rev,Palestine Technical University - Kadoorie,jkingsnodod@google.nl
879,Piper,Roden,Mr,Cardiff University,prodenoe@barnesandnoble.com
880,Celisse,Beange,Mrs,University of Central Punjab,cbeangeof@cyberchimps.com
881,Risa,Cestard,Mr,Aarhus University,rcestardog@google.it
882,Parke,Carrigan,Mr,Shanghai University of Science and Technology,pcarriganoh@businessinsider.com
883,Griffin,Mugford,Mrs,Asia Europe University,gmugfordoi@google.es
884,Joceline,Truran,Mr,Pontificia Universidad Catolica de Chile,jtruranoj@nature.com
885,Richy,Keenor,Dr,Cagayan State University,rkeenorok@ustream.tv
886,Keelby,Neame,Mrs,"American University of Hawaii, Punjab Campus",kneameol@feedburner.com
887,Gary,Grinham,Mr,Open University of Tanzania,ggrinhamom@wix.com
888,Clotilda,Hiom,Honorable,Kursk State University,chiomon@twitter.com
889,Staci,Crocket,Dr,Universidad Agraria del Ecuador,scrocketoo@nps.gov
890,Marjorie,Jacmard,Honorable,Akhbar El Yom Academy,mjacmardop@reuters.com
891,Hastie,Luffman,Rev,John F. Kennedy University,hluffmanoq@weebly.com
892,Fonsie,Bartusek,Mr,Ecole Nationale Supérieur de Mécanique et d'Aéronautique,fbartusekor@furl.net
893,Clive,Aujouanet,Mrs,Tashkent State Agrarian University,caujouanetos@csmonitor.com
894,Chelsey,Faulkes,Rev,Karachi Institute Of Economics And Technology,cfaulkesot@infoseek.co.jp
895,Jobye,Jarret,Honorable,Universidad de Quintana Roo,jjarretou@tinyurl.com
896,Antin,Kohrs,Mr,Planwel University,akohrsov@youku.com
897,Brander,Lowerson,Dr,Rajasthan Vidyapeeth University,blowersonow@paypal.com
898,Ardene,Hackworthy,Rev,"Universidad Nacional de la Patagonia ""San Juan Bosco""",ahackworthyox@godaddy.com
899,Ariel,Kewley,Mr,Bharathidasan University,akewleyoy@flickr.com
900,Edith,Parsons,Rev,Pädagogische Hochschule Schwäbisch Gmünd,eparsonsoz@hao123.com
901,Pavla,Gopsell,Ms,University of the Philippines Open University,pgopsellp0@twitpic.com
902,Jeremias,Gwinn,Mrs,Balkh University,jgwinnp1@addthis.com
903,Gerrie,Tulleth,Honorable,National College of Arts,gtullethp2@gravatar.com
904,Sydney,De Carolis,Honorable,Hawassa University,sdecarolisp3@nhs.uk
905,Malchy,Heck,Honorable,University College of Saint-Boniface,mheckp4@tmall.com
906,Haley,McElane,Mr,Universität Dortmund,hmcelanep5@elpais.com
907,Benn,Blanket,Mrs,Ecole Nationale d'Ingénieurs de Tarbes,bblanketp6@guardian.co.uk
908,Jeffy,MacCrossan,Ms,Kangwon National University,jmaccrossanp7@cbslocal.com
909,Lennard,Pagram,Rev,College of Charleston,lpagramp8@boston.com
910,Tildie,Hearn,Honorable,Taipei Medical College,thearnp9@vinaora.com
911,Dierdre,Aiken,Ms,Hochschule für Berufstätige Rendsburg,daikenpa@mtv.com
912,Lorenzo,Broun,Dr,University of Bergamo,lbrounpb@sina.com.cn
913,Sigismund,Bishop,Mr,Mokwon University Taejon,sbishoppc@cornell.edu
914,Salomi,Labro,Ms,Université Montesquieu (Bordeaux IV),slabropd@un.org
915,Ree,Otham,Rev,Soran University,rothampe@webeden.co.uk
916,Bert,Kynston,Mr,Kyungwon University,bkynstonpf@reference.com
917,Caroline,Sparry,Mrs,Pedagogical University of Czestochowa,csparrypg@google.es
918,Ariana,Doudny,Ms,College of Technology at Kharj,adoudnyph@facebook.com
919,Aldwin,Mish,Ms,Universidad de El Salvador,amishpi@paypal.com
920,Dixie,Goodfellow,Rev,Mersin University,dgoodfellowpj@china.com.cn
921,Eben,Esler,Honorable,International Christian University,eeslerpk@sakura.ne.jp
922,Edvard,Sirmon,Honorable,Far Eastern State Technical University,esirmonpl@twitter.com
923,Elly,Copperwaite,Ms,"Universidad Centroamericana ""José Simeón Canas""",ecopperwaitepm@walmart.com
924,Kelley,Celloni,Honorable,Moody Bible Institute,kcellonipn@dagondesign.com
925,Matthus,Cannon,Mr,University of Sargodha,mcannonpo@nymag.com
926,Mil,Hundey,Mrs,Catholic University of Malawi,mhundeypp@paginegialle.it
927,Kirsti,Scranedge,Dr,Pontifícia Universidade Católica de Campinas,kscranedgepq@a8.net
928,Brig,Applegate,Mr,Universidad Fidélitas,bapplegatepr@theglobeandmail.com
929,Prince,Ditt,Rev,Johann Wolfgang Goethe Universität Frankfurt am Main,pdittps@earthlink.net
930,Cordey,O'Kelly,Mrs,University of Ferrara,cokellypt@wikispaces.com
931,Orrin,Lamswood,Mr,Universidad Militar Nueva Granada,olamswoodpu@geocities.jp
932,Johna,Denniss,Mrs,Bila Cerkva State Agrarian University,jdennisspv@bizjournals.com
933,Sileas,Whellans,Dr,Norwegian School of Economics and Business Administration,swhellanspw@ask.com
934,Wakefield,Fransewich,Ms,American University of Antigua,wfransewichpx@slideshare.net
935,Nert,Chiddy,Honorable,Royal Holloway and Bedford New College,nchiddypy@squarespace.com
936,Michell,Paute,Mr,Universität für künstlerische und industrielle Gestaltung Linz,mpautepz@infoseek.co.jp
937,Kizzee,M'cowis,Mr,Universidad Iberoamericana de Ciencias y Tecnologia,kmcowisq0@booking.com
938,Bessie,Redwood,Honorable,Payap University Chaiang Mai,bredwoodq1@webs.com
939,Ranique,Corrington,Mrs,The World Islamic Sciences & Education University,rcorringtonq2@opensource.org
940,Lombard,Pinckney,Honorable,Yakutsk State University,lpinckneyq3@wufoo.com
941,Kingston,Pessolt,Ms,Universidade Católica de Santos,kpessoltq4@nasa.gov
942,Archer,Tillot,Dr,Universidad Nacional Federico Villarreal,atillotq5@tiny.cc
943,Tabby,Parsell,Rev,Ummah University,tparsellq6@sakura.ne.jp
944,Cherianne,Huband,Dr,Grantham University,chubandq7@rediff.com
945,Alysia,Flowerdew,Honorable,Osaka Prefectural University,aflowerdewq8@blogs.com
946,Neddy,Sheirlaw,Ms,Wuyi University,nsheirlawq9@icio.us
947,Erskine,Gotthard,Mrs,Calvary Bible College,egotthardqa@un.org
948,Arvy,Ubach,Mrs,American University of Paris,aubachqb@sciencedaily.com
949,Dominica,Tunder,Mr,University of Delhi,dtunderqc@github.io
950,Cornelle,Aim,Mrs,Hogere Zeevaartschool - Maritime Academy,caimqd@amazon.com
951,Jonah,Huby,Honorable,Kitasato University,jhubyqe@hp.com
952,Lori,Athridge,Dr,Universitas Ma Chung,lathridgeqf@mac.com
953,Sharlene,Mansion,Rev,Northwood University,smansionqg@sina.com.cn
954,Nedda,Brisseau,Mr,Shimer College,nbrisseauqh@clickbank.net
955,Gael,Penna,Honorable,Capella University,gpennaqi@nhs.uk
956,Billy,Huckle,Mr,St. Petersburg State Mountain Institut,bhuckleqj@businessweek.com
957,Juline,Georgeau,Dr,Los Angeles College of Chiropractic,jgeorgeauqk@wufoo.com
958,Meir,Aspin,Mr,Université de Kamina,maspinql@ow.ly
959,Federica,Celle,Mr,Siam Technology College,fcelleqm@wiley.com
960,Napoleon,Szymanowicz,Mrs,Universität Hamburg,nszymanowiczqn@cbc.ca
961,Essy,Cranham,Mr,Pace University,ecranhamqo@nymag.com
962,Madella,Viney,Ms,Belarussian State University of Transport,mvineyqp@netvibes.com
963,Devin,Scotchbourouge,Ms,Thaksin University,dscotchbourougeqq@posterous.com
964,Jammal,Sallier,Mr,Spiru Haret University,jsallierqr@webmd.com
965,Danita,Deverill,Dr,Kharkiv National University,ddeverillqs@cnet.com
966,Jermaine,Sulter,Honorable,Northern Sichuan Medical College,jsulterqt@dagondesign.com
967,Cyndy,Tanslie,Mr,Truman State University,ctansliequ@redcross.org
968,Wilhelmina,Ferraretto,Honorable,Acharya Ranga Agricultural University,wferrarettoqv@unicef.org
969,Orville,Camolli,Rev,Saratov State Medical University,ocamolliqw@addthis.com
970,Gordon,Enderby,Mrs,Universidad Nacional de La Matanza,genderbyqx@uol.com.br
971,Roxane,Byneth,Rev,Guizhou University,rbynethqy@whitehouse.gov
972,Sandor,Delacroux,Ms,Rovaniemi University of Applied Sciences,sdelacrouxqz@geocities.com
973,Roxy,Woolfitt,Mrs,"University of California, Riverside",rwoolfittr0@google.pl
974,Cathee,Sunner,Ms,International University College of Technology Twintech (IUCTT),csunnerr1@samsung.com
975,Sammie,Wiggins,Dr,Yaroslavl State Medical Academy,swigginsr2@sina.com.cn
976,Charil,Francke,Honorable,Ittihad University,cfrancker3@issuu.com
977,Hesther,Grichukhin,Mrs,Tennessee Technological University,hgrichukhinr4@goo.gl
978,Dacy,MacKimm,Ms,"Bowling Green State University, Firelands",dmackimmr5@deliciousdays.com
979,Jo,Alexandersen,Dr,"University of California, Santa Cruz",jalexandersenr6@hud.gov
980,Jeramey,Croutear,Mr,Politécnico Grancolombiano - Institución Universitaria,jcroutearr7@springer.com
981,Coreen,Agett,Dr,Comenius University in Bratislava,cagettr8@jugem.jp
982,Elmer,Parchment,Mr,Prague Institute of Chemical Technology,eparchmentr9@tripadvisor.com
983,Mufinella,Vittel,Rev,Capital University,mvittelra@is.gd
984,Aarika,Baudain,Mr,Senshu University,abaudainrb@hatena.ne.jp
985,Kristopher,Elfe,Ms,Ecole Mohammadia d'Ingénieurs,kelferc@examiner.com
986,Terencio,Ladbury,Rev,Suwon University,tladburyrd@vinaora.com
987,Glynnis,Robinet,Ms,Pontificia Università S. Tommaso,grobinetre@a8.net
988,Gerianna,Cockley,Mrs,Shanghai Lixin University of Commerce,gcockleyrf@i2i.jp
989,Gui,Nairn,Mrs,Agricultural University of Wroclaw,gnairnrg@i2i.jp
990,Kania,Wenderoth,Dr,University of Kelaniya,kwenderothrh@themeforest.net
991,Jewell,Gebbie,Ms,University of Great Falls,jgebbieri@sciencedirect.com
992,Winfred,Conring,Mr,Universidad Tecnologica Israel,wconringrj@cnet.com
993,Cookie,Dooney,Rev,Facultés Universitaires Notre-Dame de la Paix,cdooneyrk@dell.com
994,Wain,Briscoe,Dr,Belarussian State Technological University,wbriscoerl@go.com
995,Reynold,Bernholt,Rev,Nova Scotia College of Art and Design,rbernholtrm@rakuten.co.jp
996,Fern,Barchrameev,Mr,Constantin Brancoveanu University Pitesti,fbarchrameevrn@github.com
997,Noak,Pickover,Rev,Aoyama Gakuin University,npickoverro@fastcompany.com
998,Brynne,Cordero,Mr,Antioch University Los Angeles,bcorderorp@google.com.br
999,Alexandros,Streight,Rev,Madhya Pradesh Bhoj (Open) University,astreightrq@answers.com
1000,Rubina,Tremayle,Mr,University of New York in Prague,rtremaylerr@hp.com
